Video_ID,Channel_ID,Channel_Name,Video_Title,YouTube_URL,Transcript_Path,Family_Count,Family_List,Tool_Total_Mentions,Tool_List,Tactic_Total_Mentions,Dominant_Tactic,Platform_Signal,Tactic_Initial_Access,Tactic_Execution,Tactic_Persistence,Tactic_Privilege_Escalation,Tactic_Credential_Access,Tactic_Lateral_Movement,Tactic_Discovery,Tactic_Command_and_Control,Tactic_Exfiltration,Tactic_Impact,Tool_Cobalt_Strike,Tool_Mimikatz,Tool_PsExec,Tool_Rclone,Tool_MegaNZ,Tool_AnyDesk,Tool_TeamViewer,Tool_BloodHound,Platform_Windows,Platform_Linux,Platform_ESXi
V0205,C22,Threatpost,"Patrick Wardle: Hackers Abusing Apple Technologies, 'Powerful' iOS Bugs",https://www.youtube.com/watch?v=gtLXRQFCgOg,transcripts/C22_Threatpost/V0205.txt,1,Play,0,,12,Initial_Access,Windows,11,0,0,0,0,0,0,0,1,0,0,0,0,0,0,0,0,0,6,1,0
V0203,C22,Threatpost,Malware Partnerships: A Formidable Threat to Businesses,https://www.youtube.com/watch?v=H7b704TFhW4,transcripts/C22_Threatpost/V0203.txt,2,"Egregor, Ryuk",0,,20,Initial_Access,,11,0,5,0,0,4,0,0,0,0,0,0,0,0,0,0,0,0,0,0,0
V0204,C22,Threatpost,"Email Security Attacks End in Financial Ruin, Emotional Despair",https://www.youtube.com/watch?v=VQO8HQSA54I,transcripts/C22_Threatpost/V0204.txt,1,Play,0,,2,Initial_Access,,1,0,0,0,0,0,0,0,0,1,0,0,0,0,0,0,0,0,0,0,0
V0211,C22,Threatpost,"Amid Olympics Uncertainty, 5G Security Lessons Emerge",https://www.youtube.com/watch?v=RsMSnVUsNpQ,transcripts/C22_Threatpost/V0211.txt,2,"Play, Qilin",0,,28,Initial_Access,Windows,12,1,3,0,0,0,0,0,0,12,0,0,0,0,0,0,0,0,1,0,0
V0206,C22,Threatpost,Ransomware And IP Theft Top COVID-19 Healthcare Security Scares,https://www.youtube.com/watch?v=pPyTJO5c4_U,transcripts/C22_Threatpost/V0206.txt,0,,0,,4,Initial_Access,,3,0,1,0,0,0,0,0,0,0,0,0,0,0,0,0,0,0,0,0,0
V0209,C22,Threatpost,Black Hat USA 2020: Critical Meetup.com Flaws Show AppSec Holes,https://www.youtube.com/watch?v=M85zrOA59OE,transcripts/C22_Threatpost/V0209.txt,1,Play,0,,11,Initial_Access,,6,3,0,2,0,0,0,0,0,0,0,0,0,0,0,0,0,0,0,0,0
V0183,C20,LiveOverflow,The World's Hardest Hacking Competition - Pwn2Own Documentary (Part 1),https://www.youtube.com/watch?v=YQEq5s4SRxY,transcripts/C20_LiveOverflow/V0183.txt,1,Qilin,0,,20,Initial_Access,,20,0,0,0,0,0,0,0,0,0,0,0,0,0,0,0,0,0,0,0,0
V0190,C20,LiveOverflow,Local Root Exploit in HospitalRun Software,https://www.youtube.com/watch?v=duLJUpptSik,transcripts/C20_LiveOverflow/V0190.txt,1,Play,0,,51,Initial_Access,Linux,41,0,0,8,0,0,0,2,0,0,0,0,0,0,0,0,0,0,0,1,0
V0188,C20,LiveOverflow,Reinventing Web Security,https://www.youtube.com/watch?v=LxUAnZY_08o,transcripts/C20_LiveOverflow/V0188.txt,0,,0,,34,Initial_Access,,32,0,0,0,0,0,0,0,0,2,0,0,0,0,0,0,0,0,0,0,0
V0191,C20,LiveOverflow,Android App Bug Bounty Secrets,https://www.youtube.com/watch?v=nxlm7pIvMdg,transcripts/C20_LiveOverflow/V0191.txt,1,Play,0,,18,Initial_Access,,17,0,1,0,0,0,0,0,0,0,0,0,0,0,0,0,0,0,0,0,0
V0184,C20,LiveOverflow,From Zero to Zero Day (and beyond) - Life of a Hacker: Jonathan Jacobi,https://www.youtube.com/watch?v=BOLN_B0qnZk,transcripts/C20_LiveOverflow/V0184.txt,1,Play,0,,34,Persistence,Linux,16,0,18,0,0,0,0,0,0,0,0,0,0,0,0,0,0,0,0,2,0
V0352,C39,MITRE ATT&CK,What’s new with MITRE ATT&CK? | A conversation with industry experts,https://www.youtube.com/watch?v=nroQDMRopMI,transcripts/C39_MITRE_ATTCK/V0352.txt,1,Play,0,,1,Execution,,0,1,0,0,0,0,0,0,0,0,0,0,0,0,0,0,0,0,0,0,0
V0349,C39,MITRE ATT&CK,Coalition Air and Missile Defense: Integration and Interoperability,https://www.youtube.com/watch?v=oCzmzuo6T5Q,transcripts/C39_MITRE_ATTCK/V0349.txt,1,Play,0,,5,Persistence,,1,0,4,0,0,0,0,0,0,0,0,0,0,0,0,0,0,0,0,0,0
V0346,C39,MITRE ATT&CK,Voices from 9/11 - Part 3: For the Greater Good,https://www.youtube.com/watch?v=-G_XG5w_ino,transcripts/C39_MITRE_ATTCK/V0346.txt,0,,0,,6,Persistence,,0,0,6,0,0,0,0,0,0,0,0,0,0,0,0,0,0,0,0,0,0
V0350,C39,MITRE ATT&CK,Taiwan Dynamics in This Decisive Decade,https://www.youtube.com/watch?v=FwTDLsAWDQ0,transcripts/C39_MITRE_ATTCK/V0350.txt,2,"Play, Qilin",1,Cobalt_Strike,4,Initial_Access,,2,1,0,0,0,0,0,1,0,0,1,0,0,0,0,0,0,0,0,0,0
V0348,C39,MITRE ATT&CK,Voices from 9/11 - Part 1: Part of Who We Are,https://www.youtube.com/watch?v=mnJnI2w-8hk,transcripts/C39_MITRE_ATTCK/V0348.txt,1,Qilin,0,,4,Persistence,Windows,0,0,4,0,0,0,0,0,0,0,0,0,0,0,0,0,0,0,1,0,0
V0351,C39,MITRE ATT&CK,Navigating Cyber Resiliency,https://www.youtube.com/watch?v=3DM2FsBSJjY,transcripts/C39_MITRE_ATTCK/V0351.txt,0,,0,,5,Initial_Access,Windows,2,0,1,0,0,1,0,0,0,1,0,0,0,0,0,0,0,0,4,0,0
V0345,C39,MITRE ATT&CK,China and Russia: Strategic Dynamics,https://www.youtube.com/watch?v=bJVoN9xeUUY,transcripts/C39_MITRE_ATTCK/V0345.txt,2,"Play, Qilin",0,,11,Execution,,4,6,1,0,0,0,0,0,0,0,0,0,0,0,0,0,0,0,0,0,0
V0168,C18,Malware Analysis for Hedgehogs,"Malware Analysis - Virut, Unpacking a Polymorphic File Infector, Part I",https://www.youtube.com/watch?v=250Bxe0qlQY,transcripts/C18_Malware_Analysis_for_Hedgehogs/V0168.txt,0,,0,,7,Impact,Windows,0,3,0,0,0,0,0,0,0,4,0,0,0,0,0,0,0,0,5,0,0
V0163,C18,Malware Analysis for Hedgehogs,"Malware Analysis - RenPy game, finding malware code in 2956 files, Beginner friendly",https://www.youtube.com/watch?v=Fmfg0F1e2tM,transcripts/C18_Malware_Analysis_for_Hedgehogs/V0163.txt,0,,0,,10,Execution,Windows,0,9,0,0,0,0,0,0,0,1,0,0,0,0,0,0,0,0,1,1,0
V0167,C18,Malware Analysis for Hedgehogs,"Malware Analysis - Virut's NTDLL Hooking and Process Infection, Part 2",https://www.youtube.com/watch?v=nuxnvjGgUQQ,transcripts/C18_Malware_Analysis_for_Hedgehogs/V0167.txt,0,,0,,17,Execution,Windows,0,17,0,0,0,0,0,0,0,0,0,0,0,0,0,0,0,0,5,0,0
V0166,C18,Malware Analysis for Hedgehogs,"Malware Analysis - Virut's file infection, part 3",https://www.youtube.com/watch?v=FcXPSpBh4ps,transcripts/C18_Malware_Analysis_for_Hedgehogs/V0166.txt,0,,0,,27,Execution,Windows,0,25,0,0,0,0,0,0,0,2,0,0,0,0,0,0,0,0,4,0,0
V0169,C18,Malware Analysis for Hedgehogs,Malware Analysis - Unpacking Lumma Stealer from Emmenhtal and Pure Crypter,https://www.youtube.com/watch?v=aenOHAryDPc,transcripts/C18_Malware_Analysis_for_Hedgehogs/V0169.txt,0,,0,,27,Privilege_Escalation,Windows,0,8,0,12,0,0,0,0,0,7,0,0,0,0,0,0,0,0,1,0,0
V0165,C18,Malware Analysis for Hedgehogs,Malware Theory - What breakpoints to set for unpacking,https://www.youtube.com/watch?v=fn8rAm9u4rc,transcripts/C18_Malware_Analysis_for_Hedgehogs/V0165.txt,0,,0,,0,,Windows,0,0,0,0,0,0,0,0,0,0,0,0,0,0,0,0,0,0,4,0,0
V0170,C18,Malware Analysis for Hedgehogs,Antivirus myths and how AVs actually work,https://www.youtube.com/watch?v=4DolQTKGT9U,transcripts/C18_Malware_Analysis_for_Hedgehogs/V0170.txt,0,,0,,1,Impact,,0,0,0,0,0,0,0,0,0,1,0,0,0,0,0,0,0,0,0,0,0
V0039,C04,DEF CON Conference,DEF CON 33 -Voting Village - Protecting Election Researchers Globally - Miracle Owolabi,https://www.youtube.com/watch?v=5qmpv44knF8,transcripts/C04_DEF_CON_Conference/V0039.txt,1,Play,0,,12,Initial_Access,,12,0,0,0,0,0,0,0,0,0,0,0,0,0,0,0,0,0,0,0,0
V0035,C04,DEF CON Conference,DEF CON 33 - Voting Village - Is E2E Verifiability a Magic Bullet for Online Voting - John Odum,https://www.youtube.com/watch?v=gMvNKsl65NA,transcripts/C04_DEF_CON_Conference/V0035.txt,1,Play,0,,3,Initial_Access,,2,0,1,0,0,0,0,0,0,0,0,0,0,0,0,0,0,0,0,0,0
V0036,C04,DEF CON Conference,"DEF CON 33 Voting Village - Dominion ICX Simple Hacks Daunting Recoveries - Springall, Davis, Marks",https://www.youtube.com/watch?v=gRU0-z1of2Y,transcripts/C04_DEF_CON_Conference/V0036.txt,1,Play,0,,10,Impact,,2,0,0,0,0,0,0,0,1,7,0,0,0,0,0,0,0,0,0,0,0
V0034,C04,DEF CON Conference,DEF CON 33 Recon Village - OSINT & Modern Recon Uncover Global VPN Infrastructure - Vladimir Tokarev,https://www.youtube.com/watch?v=4HGFlZZfWc8,transcripts/C04_DEF_CON_Conference/V0034.txt,0,,0,,52,Persistence,Windows,19,2,27,4,0,0,0,0,0,0,0,0,0,0,0,0,0,0,19,3,0
V0040,C04,DEF CON Conference,"DEF CON 33 - Voting Village - When Insiders Are the Threat - Burbank, Greenhalgh, Marks, Jefferson",https://www.youtube.com/watch?v=OyUNja7QSv8,transcripts/C04_DEF_CON_Conference/V0040.txt,1,Play,0,,12,Initial_Access,,11,0,0,0,0,0,0,0,0,1,0,0,0,0,0,0,0,0,0,0,0
V0031,C04,DEF CON Conference,DEF CON 33 - DisguiseDelimit: Exploiting Synology NAS with Delimiters and Novel Tricks - Ryan Emmon,https://www.youtube.com/watch?v=3F5icGjDWfg,transcripts/C04_DEF_CON_Conference/V0031.txt,1,Play,0,,59,Initial_Access,Linux,34,2,12,1,0,0,0,1,0,9,0,0,0,0,0,0,0,0,0,13,0
V0038,C04,DEF CON Conference,DEF CON 33 - Voting Village - A Review of Post Election Audits in Swing States - Susan Greenhalgh,https://www.youtube.com/watch?v=5mWnGZWUEMQ,transcripts/C04_DEF_CON_Conference/V0038.txt,1,Play,0,,4,Initial_Access,,3,1,0,0,0,0,0,0,0,0,0,0,0,0,0,0,0,0,0,0,0
V0037,C04,DEF CON Conference,"DEF CON 33 - Voting Village - ""Fortress Island"" Physical Security in Voting Systems - Drew Springall",https://www.youtube.com/watch?v=yvbe6n82f0I,transcripts/C04_DEF_CON_Conference/V0037.txt,1,Play,0,,0,,,0,0,0,0,0,0,0,0,0,0,0,0,0,0,0,0,0,0,0,0,0
V0033,C04,DEF CON Conference,DEF CON 33  - Can't Stop the ROP: Automating Universal ASLR Bypasses - Bramwell Brizendine,https://www.youtube.com/watch?v=NrTNNi9PP5Y,transcripts/C04_DEF_CON_Conference/V0033.txt,0,,0,,18,Initial_Access,Windows,14,2,0,0,0,0,0,0,0,2,0,0,0,0,0,0,0,0,15,0,0
V0091,C10,John Hammond,Russia is hacking zero-days again,https://www.youtube.com/watch?v=Ck8IPInn74A,transcripts/C10_John_Hammond/V0091.txt,0,,0,,20,Initial_Access,Windows,17,3,0,0,0,0,0,0,0,0,0,0,0,0,0,0,0,0,4,1,0
V0094,C10,John Hammond,Clawdbot Malware,https://www.youtube.com/watch?v=7GS6Xs4hdvg,transcripts/C10_John_Hammond/V0094.txt,1,Play,0,,14,Persistence,Windows,2,4,5,3,0,0,0,0,0,0,0,0,0,0,0,0,0,0,3,2,0
V0093,C10,John Hammond,Moltbook is still weird (and AI skills suck),https://www.youtube.com/watch?v=BzUBdvCdlSU,transcripts/C10_John_Hammond/V0093.txt,1,Play,0,,4,Exfiltration,Linux,1,0,1,0,0,0,0,0,2,0,0,0,0,0,0,0,0,0,0,1,0
V0095,C10,John Hammond,NTUSER.MAN,https://www.youtube.com/watch?v=Mw8DVcLSZIc,transcripts/C10_John_Hammond/V0095.txt,2,"Hive, Play",5,Cobalt_Strike,10,Command_and_Control,Windows,0,3,2,0,0,0,0,5,0,0,5,0,0,0,0,0,0,0,24,10,0
V0096,C10,John Hammond,"Hacking Endpoint to Identity (Microsoft 365): ""ConsentFix""",https://www.youtube.com/watch?v=AAiiIY-Soak,transcripts/C10_John_Hammond/V0096.txt,1,Play,0,,10,Privilege_Escalation,Windows,3,1,0,6,0,0,0,0,0,0,0,0,0,0,0,0,0,0,1,0,0
V0100,C10,John Hammond,Microsoft Entra ID INSECURE DEFAULTS,https://www.youtube.com/watch?v=WUHzpDdauAw,transcripts/C10_John_Hammond/V0100.txt,1,Play,0,,2,Initial_Access,Windows,1,0,0,1,0,0,0,0,0,0,0,0,0,0,0,0,0,0,8,1,0
V0099,C10,John Hammond,The State of Cybercrime in 2025 Part 2 (with Nick Ascoli!),https://www.youtube.com/watch?v=Bc2Jygf4WdE,transcripts/C10_John_Hammond/V0099.txt,1,Play,0,,30,Privilege_Escalation,Windows,4,4,4,9,0,0,0,0,4,5,0,0,0,0,0,0,0,0,1,0,0
V0098,C10,John Hammond,Phishing for Passwords! (Advent of Cyber Day 02),https://www.youtube.com/watch?v=w8O8FcRgDXU,transcripts/C10_John_Hammond/V0098.txt,1,Play,0,,5,Execution,,1,3,0,0,0,0,0,1,0,0,0,0,0,0,0,0,0,0,0,0,0
V0092,C10,John Hammond,AI wrote a hit piece,https://www.youtube.com/watch?v=RP-zs6J6ySw,transcripts/C10_John_Hammond/V0092.txt,1,Play,0,,3,Privilege_Escalation,,1,0,0,2,0,0,0,0,0,0,0,0,0,0,0,0,0,0,0,0,0
V0097,C10,John Hammond,so malware is invisible now lol,https://www.youtube.com/watch?v=0XumkGQFEEk,transcripts/C10_John_Hammond/V0097.txt,1,Play,0,,3,Execution,Windows,0,2,0,1,0,0,0,0,0,0,0,0,0,0,0,0,0,0,1,0,0
V0257,C29,Security Onion Solutions,Ingesting PFSense Logs with Security Onion 2.4,https://www.youtube.com/watch?v=aoH8qZwAxek,transcripts/C29_Security_Onion_Solutions/V0257.txt,0,,0,,2,Persistence,Windows,0,0,2,0,0,0,0,0,0,0,0,0,0,0,0,0,0,0,1,0,0
V0256,C29,Security Onion Solutions,Sneak Peek: Security Onion Playbooks,https://www.youtube.com/watch?v=SLGRB3PxB-o,transcripts/C29_Security_Onion_Solutions/V0256.txt,0,,3,Cobalt_Strike,7,Command_and_Control,,0,2,1,0,0,0,0,3,1,0,3,0,0,0,0,0,0,0,0,0,0
V0260,C29,Security Onion Solutions,Defensive Intel with Security Onion,https://www.youtube.com/watch?v=9d6QA24xops,transcripts/C29_Security_Onion_Solutions/V0260.txt,1,Play,0,,9,Execution,Windows,4,5,0,0,0,0,0,0,0,0,0,0,0,0,0,0,0,0,1,0,0
V0254,C29,Security Onion Solutions,State of the Onion - You Can Just Do Things,https://www.youtube.com/watch?v=i2tM_WmDF54,transcripts/C29_Security_Onion_Solutions/V0254.txt,2,"Play, Royal",0,,7,Persistence,Windows,1,2,3,0,0,0,0,0,0,1,0,0,0,0,0,0,0,0,24,22,3
V0262,C29,Security Onion Solutions,Phish Fights and Not So Long Nights with Security Onion and Sublime Platform,https://www.youtube.com/watch?v=76-cbbDqm94,transcripts/C29_Security_Onion_Solutions/V0262.txt,0,,0,,7,Execution,,0,3,2,0,0,0,0,0,0,2,0,0,0,0,0,0,0,0,0,0,0
V0255,C29,Security Onion Solutions,Investigation Playbooks for Humans,https://www.youtube.com/watch?v=ktFw6dJSd74,transcripts/C29_Security_Onion_Solutions/V0255.txt,0,,0,,5,Execution,Windows,0,3,1,0,0,0,0,0,1,0,0,0,0,0,0,0,0,0,9,3,0
V0259,C29,Security Onion Solutions,Achieving PEAK Performance: Introducing the PEAK Threat Hunting Framework,https://www.youtube.com/watch?v=GX2FKM18oxk,transcripts/C29_Security_Onion_Solutions/V0259.txt,0,,0,,4,Initial_Access,Windows,2,0,0,0,0,0,0,0,1,1,0,0,0,0,0,0,0,0,3,0,0
V0261,C29,Security Onion Solutions,Enrich Your Data and Your Life,https://www.youtube.com/watch?v=4TwstDJBiVw,transcripts/C29_Security_Onion_Solutions/V0261.txt,1,Play,0,,1,Execution,,0,1,0,0,0,0,0,0,0,0,0,0,0,0,0,0,0,0,0,0,0
V0258,C29,Security Onion Solutions,State of the Onion 2023,https://www.youtube.com/watch?v=aUshk9lLuA4,transcripts/C29_Security_Onion_Solutions/V0258.txt,2,"Play, Royal",0,,0,,,0,0,0,0,0,0,0,0,0,0,0,0,0,0,0,0,0,0,0,0,0
V0117,C13,Palo Alto Networks Unit 42,From Cybersecurity to Cancer Care with Jim Foote,https://www.youtube.com/watch?v=gsAL2eOreXk,transcripts/C13_Palo_Alto_Networks_Unit_42/V0117.txt,1,Play,0,,0,,,0,0,0,0,0,0,0,0,0,0,0,0,0,0,0,0,0,0,0,0,0
V0116,C13,Palo Alto Networks Unit 42,AI-Generated Malware is Changing the Cyber Threat Landscape,https://www.youtube.com/watch?v=T09iIh6OkXI,transcripts/C13_Palo_Alto_Networks_Unit_42/V0116.txt,0,,0,,9,Impact,Windows,3,0,0,0,0,0,0,0,0,6,0,0,0,0,0,0,0,0,1,1,0
V0113,C13,Palo Alto Networks Unit 42,Enhancing Ethical Hacking with AI,https://www.youtube.com/watch?v=j03qMfdXBuc,transcripts/C13_Palo_Alto_Networks_Unit_42/V0113.txt,0,,0,,5,Initial_Access,Windows,4,1,0,0,0,0,0,0,0,0,0,0,0,0,0,0,0,0,3,0,0
V0118,C13,Palo Alto Networks Unit 42,"Impacket Framework, Inc Ransomware | Beyond the Hunt | Episode 8",https://www.youtube.com/watch?v=QCHYq-i6fDw,transcripts/C13_Palo_Alto_Networks_Unit_42/V0118.txt,1,INC,0,,11,Lateral_Movement,,2,0,2,0,0,4,0,0,3,0,0,0,0,0,0,0,0,0,0,0,0
V0122,C13,Palo Alto Networks Unit 42,CrushFTP & WMI Vulnerabilities | Beyond the Hunt | Episode 6,https://www.youtube.com/watch?v=RUqfw_ZNex8,transcripts/C13_Palo_Alto_Networks_Unit_42/V0122.txt,0,,0,,15,Lateral_Movement,Windows,3,3,0,0,0,9,0,0,0,0,0,0,0,0,0,0,0,0,4,0,0
V0121,C13,Palo Alto Networks Unit 42,Guardians of the Digital Age  How Gregory Jones Shapes Cybersecurity at Xavier University,https://www.youtube.com/watch?v=yEhhGhqrxc4,transcripts/C13_Palo_Alto_Networks_Unit_42/V0121.txt,1,Play,0,,4,Persistence,,0,0,4,0,0,0,0,0,0,0,0,0,0,0,0,0,0,0,0,0,0
V0119,C13,Palo Alto Networks Unit 42,Need to Know Threats May 2024 | Beyond the Hunt | Episode 7,https://www.youtube.com/watch?v=nMzyh88JCIA,transcripts/C13_Palo_Alto_Networks_Unit_42/V0119.txt,0,,0,,11,Execution,Windows,1,7,1,0,0,0,0,0,2,0,0,0,0,0,0,0,0,0,2,0,0
V0115,C13,Palo Alto Networks Unit 42,Vishing Villains and Voter Vigilance,https://www.youtube.com/watch?v=A-9yujO_dDc,transcripts/C13_Palo_Alto_Networks_Unit_42/V0115.txt,1,Play,0,,7,Initial_Access,,6,0,0,0,0,0,0,0,1,0,0,0,0,0,0,0,0,0,0,0,0
V0280,C31,Mandiant,Best Practices For Ingestion And Parsing in Google Security Operations,https://www.youtube.com/watch?v=7uoQqQBbu88,transcripts/C06_Mandiant_Google_Cloud_Security/V0058.txt,1,Play,0,,2,Persistence,Linux,0,0,1,0,0,0,0,0,1,0,0,0,0,0,0,0,0,0,1,2,0
V0273,C31,Mandiant,"EP22 Jailbreaking, Prompt Injection, and the ""Agentic"" Flaw in MCP with Kevin Harris",https://www.youtube.com/watch?v=xSuxDQ0ZQe4,transcripts/C06_Mandiant_Google_Cloud_Security/V0051.txt,1,Play,0,,3,Initial_Access,,1,0,1,1,0,0,0,0,0,0,0,0,0,0,0,0,0,0,0,0,0
V0274,C31,Mandiant,How Android Combats Mobile Scams,https://www.youtube.com/watch?v=99r8Ya0nzyY,transcripts/C06_Mandiant_Google_Cloud_Security/V0052.txt,1,Play,0,,6,Execution,ESXi,2,3,1,0,0,0,0,0,0,0,0,0,0,0,0,0,0,0,0,0,1
V0275,C31,Mandiant,"EP21 From HITB Origins to Agentic AI: Web3, Music & The Future of Hacking with Dhillon Kannabhiran",https://www.youtube.com/watch?v=_zaUf78aACU,transcripts/C06_Mandiant_Google_Cloud_Security/V0053.txt,1,Play,0,,3,Initial_Access,Windows,3,0,0,0,0,0,0,0,0,0,0,0,0,0,0,0,0,0,2,0,0
V0279,C31,Mandiant,Using Gemini to Build Rules and Searches for Google SecOps,https://www.youtube.com/watch?v=jASM45DtQ5U,transcripts/C06_Mandiant_Google_Cloud_Security/V0057.txt,1,Qilin,0,,0,,Windows,0,0,0,0,0,0,0,0,0,0,0,0,0,0,0,0,0,0,1,0,0
V0278,C31,Mandiant,Simplifying Security and Log Ingestion: Bindplane + Google SecOps,https://www.youtube.com/watch?v=fzhbWb9oAEI,transcripts/C06_Mandiant_Google_Cloud_Security/V0056.txt,1,Qilin,0,,2,Execution,Windows,0,1,0,0,0,0,0,0,0,1,0,0,0,0,0,0,0,0,45,8,1
V0277,C31,Mandiant,Data Pipeline Management in Google SecOps,https://www.youtube.com/watch?v=zruKcuSgzNI,transcripts/C06_Mandiant_Google_Cloud_Security/V0055.txt,2,"Play, Qilin",0,,2,Initial_Access,Windows,1,1,0,0,0,0,0,0,0,0,0,0,0,0,0,0,0,0,18,11,0
V0282,C31,Mandiant,"EP19 The Art of Deconstructing Problems: Tools, Tactics, and the ScatterBrain Obfuscator with Nin...",https://www.youtube.com/watch?v=PUV0JWKzuYo,transcripts/C06_Mandiant_Google_Cloud_Security/V0060.txt,2,"Play, Qilin",0,,13,Initial_Access,Windows,13,0,0,0,0,0,0,0,0,0,0,0,0,0,0,0,0,0,14,2,0
V0410,C46,Dragos Inc,"Filling the OT Visibility Gap: Improve Detection, Response and Vulnerability Management",https://www.youtube.com/watch?v=eG7_-NID6Dc,transcripts/C46_Dragos_Inc/V0410.txt,1,Play,0,,63,Initial_Access,Windows,49,0,9,0,0,2,0,0,1,2,0,0,0,0,0,0,0,0,2,1,0
V0411,C46,Dragos Inc,2023 OT Cybersecurity Lessons Learned From the Frontlines,https://www.youtube.com/watch?v=abLfwL4FN40,transcripts/C46_Dragos_Inc/V0411.txt,2,"Play, Qilin",1,Cobalt_Strike,83,Initial_Access,Windows,59,1,5,2,0,15,0,1,0,0,1,0,0,0,0,0,0,0,8,0,0
V0412,C46,Dragos Inc,2023 OT Cybersecurity Vulnerability Briefing,https://www.youtube.com/watch?v=wDBATUR42VE,transcripts/C46_Dragos_Inc/V0412.txt,1,Play,0,,138,Initial_Access,Windows,127,1,5,2,0,0,0,3,0,0,0,0,0,0,0,0,0,0,1,1,0
V0414,C46,Dragos Inc,Dragos 2023 OT Cybersecurity Year in Review Executive Briefing,https://www.youtube.com/watch?v=ZkbLe5Q7BwY,transcripts/C46_Dragos_Inc/V0414.txt,1,Play,2,Cobalt_Strike,68,Initial_Access,Windows,59,0,4,0,0,0,0,2,3,0,2,0,0,0,0,0,0,0,5,0,0
V0405,C46,Dragos Inc,"Full Testimony | ""We Are Not Prepared"" - CEO's Urgent Warning on U.S. Infrastructure Cyber Threats",https://www.youtube.com/watch?v=6oIVUi0xum4,transcripts/C46_Dragos_Inc/V0405.txt,0,,0,,7,Initial_Access,,4,0,3,0,0,0,0,0,0,0,0,0,0,0,0,0,0,0,0,0,0
V0408,C46,Dragos Inc,Do No Harm: OT-Native Approach for Network Monitoring and Cybersecurity,https://www.youtube.com/watch?v=0NbwM85nASU,transcripts/C46_Dragos_Inc/V0408.txt,1,Play,0,,14,Initial_Access,Windows,9,1,1,0,0,0,0,0,0,3,0,0,0,0,0,0,0,0,3,1,0
V0407,C46,Dragos Inc,How The Dragos Platform's Asset Inventory Fuels Detection & Response,https://www.youtube.com/watch?v=nD9pxQWDPM4,transcripts/C46_Dragos_Inc/V0407.txt,0,,0,,44,Initial_Access,,41,0,2,0,0,1,0,0,0,0,0,0,0,0,0,0,0,0,0,0,0
V0409,C46,Dragos Inc,Unified SOC: Centralized Security Data with OT Visibility for Intelligence Driven Investigations,https://www.youtube.com/watch?v=O5XCUFgwMVY,transcripts/C46_Dragos_Inc/V0409.txt,0,,0,,5,Initial_Access,Windows,3,1,1,0,0,0,0,0,0,0,0,0,0,0,0,0,0,0,2,1,0
V0413,C46,Dragos Inc,2023 OT Cybersecurity Threat Landscape,https://www.youtube.com/watch?v=6M3vO6uKZhY,transcripts/C46_Dragos_Inc/V0413.txt,0,,0,,33,Initial_Access,,26,1,0,0,0,1,0,0,5,0,0,0,0,0,0,0,0,0,0,0,0
V0331,C37,TrustedSec,Discord Livestream - Crash Course: Building an Analysis Strategy,https://www.youtube.com/watch?v=p93aOOBy2cU,transcripts/C37_TrustedSec/V0331.txt,1,Play,0,,6,Initial_Access,,3,0,2,0,0,0,0,0,1,0,0,0,0,0,0,0,0,0,0,0,0
V0332,C37,TrustedSec,Webinar - Tips for Incident Response Planning: Prepare Before Crisis Strikes,https://www.youtube.com/watch?v=ZHVPP1Ws-Zo,transcripts/C37_TrustedSec/V0332.txt,2,"Play, Qilin",0,,3,Privilege_Escalation,,0,0,0,3,0,0,0,0,0,0,0,0,0,0,0,0,0,0,0,0,0
V0334,C37,TrustedSec,Webinar - NIST CSF 2.0 - From Compliance to Confidence,https://www.youtube.com/watch?v=I-tTQnjj308,transcripts/C37_TrustedSec/V0334.txt,0,,0,,16,Persistence,Windows,6,0,9,0,0,0,0,0,0,1,0,0,0,0,0,0,0,0,2,0,0
V0330,C37,TrustedSec,Navigating Authorization with a Copilot - Security Noise Ep 8.8,https://www.youtube.com/watch?v=QsmdLJsvAkc,transcripts/C37_TrustedSec/V0330.txt,0,,0,,12,Exfiltration,,0,1,3,0,0,0,0,0,7,1,0,0,0,0,0,0,0,0,0,0,0
V0327,C37,TrustedSec,LLM = Love Language Model?! - Security Noise Ep 8.9,https://www.youtube.com/watch?v=QA_j4ZUYDAs,transcripts/C37_TrustedSec/V0327.txt,0,,0,,3,Initial_Access,,2,1,0,0,0,0,0,0,0,0,0,0,0,0,0,0,0,0,0,0,0
V0326,C37,TrustedSec,Perspectives on AI in the Cybersecurity Industry in 2026 - Webinar,https://www.youtube.com/watch?v=I0OZfnCFakE,transcripts/C37_TrustedSec/V0326.txt,1,Play,2,Cobalt_Strike,31,Initial_Access,Windows,24,2,1,2,0,0,0,2,0,0,2,0,0,0,0,0,0,0,1,0,0
V0325,C37,TrustedSec,Discord Livestream - Tales from the Trenches: Securing Active Directory,https://www.youtube.com/watch?v=aqAtLFRahdo,transcripts/C37_TrustedSec/V0325.txt,0,,0,,56,Persistence,Windows,7,3,43,0,1,1,0,0,0,1,0,0,0,0,0,0,0,0,23,0,1
V0328,C37,TrustedSec,Guthrie Family Releases New Video Amid Search for Mother | CNN Out Front with Erin Burnett,https://www.youtube.com/watch?v=nf3eDr5TqEQ,transcripts/C37_TrustedSec/V0328.txt,1,Play,0,,3,Impact,,0,0,0,0,0,0,0,0,0,3,0,0,0,0,0,0,0,0,0,0,0
V0333,C37,TrustedSec,Hacker Family Feud - Security Noise Ep. 8.7,https://www.youtube.com/watch?v=wLdooJaeHwk,transcripts/C37_TrustedSec/V0333.txt,0,,0,,3,Initial_Access,Linux,2,0,0,0,0,0,0,0,1,0,0,0,0,0,0,0,0,0,6,10,0
V0417,C47,Cybereason,Case Study: How Cybereason MDR Improved Olist's Triage & Response Time,https://www.youtube.com/watch?v=p_pYYluRh2U,transcripts/C47_Cybereason/V0417.txt,0,,0,,2,Impact,,0,0,0,0,0,0,0,0,0,2,0,0,0,0,0,0,0,0,0,0,0
V0415,C47,Cybereason,The 11 Essential Cybersecurity Controls - Full LinkedIn Live Recording,https://www.youtube.com/watch?v=U0fLqbf42Q8,transcripts/C47_Cybereason/V0415.txt,1,Cl0p,0,,33,Initial_Access,Windows,21,1,4,1,0,1,0,0,0,5,0,0,0,0,0,0,0,0,3,1,0
V0420,C47,Cybereason,Cyber Attack Simulation 18 10 2019,https://www.youtube.com/watch?v=Il72UUDj4rY,transcripts/C47_Cybereason/V0420.txt,1,Qilin,0,,36,Execution,Linux,12,16,1,0,0,3,0,0,1,3,0,0,0,0,0,0,0,0,3,6,0
V0416,C47,Cybereason,NGAV Redefined Webinar with Cybereason,https://www.youtube.com/watch?v=ZKsPGSFKxvE,transcripts/C47_Cybereason/V0416.txt,3,"LockBit, Play, Qilin",9,Cobalt_Strike,34,Impact,Windows,8,1,2,0,0,0,0,9,2,12,9,0,0,0,0,0,0,0,1,1,0
V0419,C47,Cybereason,Cybereason Ransomware Defense,https://www.youtube.com/watch?v=e1j3XKwR4Uw,transcripts/C47_Cybereason/V0419.txt,3,"Conti, DarkSide, Play",0,,10,Initial_Access,Windows,4,4,0,0,0,0,0,0,0,2,0,0,0,0,0,0,0,0,1,0,0
V0421,C47,Cybereason,Live Cyber-Attack Simulation,https://www.youtube.com/watch?v=WRIakA5CP3I,transcripts/C47_Cybereason/V0421.txt,2,"Play, Qilin",0,,47,Initial_Access,Windows,19,9,7,3,0,6,0,0,0,3,0,0,0,0,0,0,0,0,10,5,1
V0310,C34,Elastic,"Elastic Security Explained: Transparency, AI, and the Future of Threat Hunting",https://www.youtube.com/watch?v=tw-NNqzgohk,transcripts/C34_Elastic/V0310.txt,1,Play,0,,8,Execution,Windows,0,8,0,0,0,0,0,0,0,0,0,0,0,0,0,0,0,0,8,5,0
V0306,C34,Elastic,Embracing failure and chaos to improve system reliability and SRE team performance,https://www.youtube.com/watch?v=IUZMyoFXa4E,transcripts/C14_Elastic_Security/V0126.txt,1,Play,0,,2,Persistence,Linux,0,0,2,0,0,0,0,0,0,0,0,0,0,0,0,0,0,0,0,1,0
V0304,C34,Elastic,Pastries with SREs: Holding onto extra observability data and desserts,https://www.youtube.com/watch?v=gpsnVi2_mxM,transcripts/C14_Elastic_Security/V0124.txt,1,Play,0,,0,,,0,0,0,0,0,0,0,0,0,0,0,0,0,0,0,0,0,0,0,0,0
V0230,C24,Cisco Talos Intelligence Group,"TTP Ep14: Persistence, Privilege & Camouflage - Insights from Vulnerabilities Discovered by Talos",https://www.youtube.com/watch?v=RJvp25sbYeE,transcripts/C24_Cisco_Talos_Intelligence_Group/V0230.txt,0,,0,,26,Initial_Access,Windows,26,0,0,0,0,0,0,0,0,0,0,0,0,0,0,0,0,0,9,0,0
V0229,C24,Cisco Talos Intelligence Group,"Humans of Talos: Alex Ryan, Incident Commander",https://www.youtube.com/watch?v=zOJwo3IfiZQ,transcripts/C24_Cisco_Talos_Intelligence_Group/V0229.txt,0,,0,,1,Initial_Access,,1,0,0,0,0,0,0,0,0,0,0,0,0,0,0,0,0,0,0,0,0
V0223,C24,Cisco Talos Intelligence Group,"The TTP 20: Less Ransomware, Same Problems",https://www.youtube.com/watch?v=qBBrhmwfTfE,transcripts/C24_Cisco_Talos_Intelligence_Group/V0223.txt,3,"LockBit, Play, Qilin",0,,23,Initial_Access,,17,2,4,0,0,0,0,0,0,0,0,0,0,0,0,0,0,0,0,0,0
V0225,C24,Cisco Talos Intelligence Group,TTP 18: How Talos Built an AI Model Into one of the Internet’s Most Abused Layers,https://www.youtube.com/watch?v=yPTDEluRyxc,transcripts/C24_Cisco_Talos_Intelligence_Group/V0225.txt,0,,0,,10,Exfiltration,,0,0,4,0,0,0,0,0,6,0,0,0,0,0,0,0,0,0,0,0,0
V0226,C24,Cisco Talos Intelligence Group,TTP 17: How Attackers Use Your Own Tools Against You,https://www.youtube.com/watch?v=q7yV4C7cL3Y,transcripts/C24_Cisco_Talos_Intelligence_Group/V0226.txt,3,"Babuk, LockBit, Qilin",0,,17,Initial_Access,,15,0,0,0,0,1,0,0,1,0,0,0,0,0,0,0,0,0,0,0,0
V0322,C35,Splunk,Splunk : Create custom index in clustered environment,https://www.youtube.com/watch?v=KCooGEa74fk,transcripts/C35_Splunk/V0322.txt,0,,0,,1,Impact,Windows,0,0,0,0,0,0,0,0,0,1,0,0,0,0,0,0,0,0,1,1,0
V0316,C35,Splunk,Splunk Secure Gateway : Connect your mobile apps with Splunk,https://www.youtube.com/watch?v=HPk9QQip-YM,transcripts/C35_Splunk/V0316.txt,1,Play,0,,7,Impact,Windows,0,0,0,0,0,0,0,0,0,7,0,0,0,0,0,0,0,0,2,2,0
V0313,C35,Splunk,Splunk Deep learning concept App: Creation of Image classifier using Tensorflow.js,https://www.youtube.com/watch?v=2v0Uk194hfM,transcripts/C35_Splunk/V0313.txt,1,Play,0,,1,Execution,,0,1,0,0,0,0,0,0,0,0,0,0,0,0,0,0,0,0,0,0,0
V0321,C35,Splunk,Splunk : How to connect Heavy Forwader to an Indexer cluster - PART 1 (Manual Method),https://www.youtube.com/watch?v=Exm0tcmnSbM,transcripts/C35_Splunk/V0321.txt,1,Play,0,,0,,,0,0,0,0,0,0,0,0,0,0,0,0,0,0,0,0,0,0,0,0,0
V0153,C17,FIRST Conference,"Improving Security Across Nations with FIRST: Enrico Lovat, FIRST Member",https://www.youtube.com/watch?v=Ggp3UIVPxkc,transcripts/C17_FIRST_Conference/V0153.txt,1,Play,0,,3,Initial_Access,,2,0,0,0,0,0,0,0,0,1,0,0,0,0,0,0,0,0,0,0,0
V0161,C17,FIRST Conference,What's New in CSAF v2.1: Key Updates Explained,https://www.youtube.com/watch?v=IMVAwXra3k8,transcripts/C17_FIRST_Conference/V0161.txt,1,Play,0,,21,Initial_Access,,21,0,0,0,0,0,0,0,0,0,0,0,0,0,0,0,0,0,0,0,0
V0157,C17,FIRST Conference,Revolutionizing Malware Analysis with Agentic AI: Lessons and Innovations,https://www.youtube.com/watch?v=Y46zntv2IRM,transcripts/C17_FIRST_Conference/V0157.txt,2,"Play, Qilin",0,,6,Execution,Linux,0,3,2,0,0,0,0,0,0,1,0,0,0,0,0,0,0,0,1,2,0
V0162,C17,FIRST Conference,Only Seeing Stars: Enabling the Open Source Scripting Community with OCSF,https://www.youtube.com/watch?v=RqsHcTtFhpc,transcripts/C17_FIRST_Conference/V0162.txt,1,Play,0,,21,Execution,Windows,0,18,3,0,0,0,0,0,0,0,0,0,0,0,0,0,0,0,3,1,0
V0158,C17,FIRST Conference,"Friday Keynote Address - Network Security is a Team Sport, so How Do We Set and Manage the Team",https://www.youtube.com/watch?v=cxINHQ4I8Aw,transcripts/C17_FIRST_Conference/V0158.txt,0,,0,,6,Persistence,,0,0,3,0,0,0,0,0,0,3,0,0,0,0,0,0,0,0,0,0,0
V0357,C41,Belkasoft,AI-Based Challenges and Opportunities in Video Forensics | Marco Fontani,https://www.youtube.com/watch?v=nutlY2fss3s,transcripts/C41_Belkasoft/V0357.txt,0,,0,,0,,,0,0,0,0,0,0,0,0,0,0,0,0,0,0,0,0,0,0,0,0,0
V0356,C41,Belkasoft,Databases Under Attack: Malware in Trusted SQL Servers | Vedant Narayan,https://www.youtube.com/watch?v=QhrGDp_w4UU,transcripts/C41_Belkasoft/V0356.txt,0,,0,,1,Impact,Windows,0,0,0,0,0,0,0,0,0,1,0,0,0,0,0,0,0,0,1,0,0
V0362,C41,Belkasoft,Trusting AI in DFIR: Where It Shines and Fails | Brett Shavers & Elena Chertova,https://www.youtube.com/watch?v=iaBbphMxp2o,transcripts/C41_Belkasoft/V0362.txt,2,"Play, Qilin",0,,0,,,0,0,0,0,0,0,0,0,0,0,0,0,0,0,0,0,0,0,0,0,0
V0364,C41,Belkasoft,What Artifacts Can be Analyzed from a Windows System—12th Episode of BelkaTalk on DFIR,https://www.youtube.com/watch?v=i1vO2xwICAI,transcripts/C41_Belkasoft/V0364.txt,0,,0,,1,Persistence,Windows,0,0,1,0,0,0,0,0,0,0,0,0,0,0,0,0,0,0,3,0,0
V0355,C41,Belkasoft,The Best AI for Digital Forensics | AI That Actually Works for DFIR,https://www.youtube.com/watch?v=NyMRVbGtM5w,transcripts/C41_Belkasoft/V0355.txt,1,Play,0,,0,,,0,0,0,0,0,0,0,0,0,0,0,0,0,0,0,0,0,0,0,0,0
V0361,C41,Belkasoft,"Alexis Brignoni ""In-Depth Scrutiny of SEGB Files for Pattern of Life Data""",https://www.youtube.com/watch?v=4XN6SD-wxAg,transcripts/C41_Belkasoft/V0361.txt,1,Play,0,,0,,,0,0,0,0,0,0,0,0,0,0,0,0,0,0,0,0,0,0,0,0,0
V0358,C41,Belkasoft,Interpretation Risks with Digital Evidence | Jan Collie,https://www.youtube.com/watch?v=lcutsCoyPAU,transcripts/C41_Belkasoft/V0358.txt,0,,0,,2,Exfiltration,Windows,0,0,0,0,0,0,0,0,2,0,0,0,0,0,0,0,0,0,1,0,0
V0354,C40,Magnet Forensics,New York State Police,https://www.youtube.com/watch?v=Cr9aZW4E6n4,transcripts/C40_Magnet_Forensics/V0354.txt,0,,0,,2,Initial_Access,,2,0,0,0,0,0,0,0,0,0,0,0,0,0,0,0,0,0,0,0,0
V0110,C11,Secureworks,Secureworks Taegis XDR Entity Graph Demo,https://www.youtube.com/watch?v=8r34sovxaiE,transcripts/C11_Secureworks/V0110.txt,0,,0,,2,Persistence,Windows,0,0,2,0,0,0,0,0,0,0,0,0,0,0,0,0,0,0,3,0,0
V0108,C11,Secureworks,Context Matters: Defending Your Business with Threat Intelligence,https://www.youtube.com/watch?v=oYMaV5PiaG4,transcripts/C11_Secureworks/V0108.txt,0,,0,,2,Initial_Access,,1,0,0,1,0,0,0,0,0,0,0,0,0,0,0,0,0,0,0,0,0
V0104,C11,Secureworks,Keynote Address: Bridging Borders in Cybersecurity,https://www.youtube.com/watch?v=b_IhU4tTttA,transcripts/C11_Secureworks/V0104.txt,1,Hive,0,,0,,Windows,0,0,0,0,0,0,0,0,0,0,0,0,0,0,0,0,0,0,1,0,0
V0102,C11,Secureworks,Predictions Round Table: Secureworks Experts On Cybersecurity in 2025,https://www.youtube.com/watch?v=XUbhK9TyuCA,transcripts/C11_Secureworks/V0102.txt,0,,0,,11,Initial_Access,,6,0,1,2,0,0,0,0,0,2,0,0,0,0,0,0,0,0,0,0,0
V0103,C11,Secureworks,Inside The Threat: Secureworks CTU Analysis,https://www.youtube.com/watch?v=5KGY9byIMQg,transcripts/C11_Secureworks/V0103.txt,2,"Play, Royal",0,,24,Exfiltration,Windows,4,0,6,0,0,0,0,0,9,5,0,0,0,0,0,0,0,0,1,0,1
V0107,C11,Secureworks,State of the Threat Overview,https://www.youtube.com/watch?v=xQsWREi7TJc,transcripts/C11_Secureworks/V0107.txt,1,Play,0,,4,Initial_Access,,2,2,0,0,0,0,0,0,0,0,0,0,0,0,0,0,0,0,0,0,0
V0105,C11,Secureworks,Embedding Threat Intelligence for Super Security,https://www.youtube.com/watch?v=Qur8h6Kb9k0,transcripts/C11_Secureworks/V0105.txt,0,,0,,5,Initial_Access,,3,1,1,0,0,0,0,0,0,0,0,0,0,0,0,0,0,0,0,0,0
V0109,C11,Secureworks,Stop Identity Attacks in Their Tracks: A Roadmap to Risk Reduction,https://www.youtube.com/watch?v=xN7LhialSrQ,transcripts/C11_Secureworks/V0109.txt,0,,0,,13,Persistence,,5,0,6,1,0,0,0,0,0,1,0,0,0,0,0,0,0,0,0,0,0
V0101,C11,Secureworks,Re-Examining Chinese Cyber Threats in the Age of the Xictionary,https://www.youtube.com/watch?v=XG9KCTgW2t4,transcripts/C11_Secureworks/V0101.txt,2,"Play, Royal",2,Cobalt_Strike,8,Initial_Access,Windows,5,1,0,0,0,0,0,2,0,0,2,0,0,0,0,0,0,0,1,0,0
V0058,C06,Mandiant (Google Cloud Security),Best Practices For Ingestion And Parsing in Google Security Operations,https://www.youtube.com/watch?v=7uoQqQBbu88,transcripts/C06_Mandiant_Google_Cloud_Security/V0058.txt,1,Play,0,,2,Persistence,Linux,0,0,1,0,0,0,0,0,1,0,0,0,0,0,0,0,0,0,1,2,0
V0060,C06,Mandiant (Google Cloud Security),"EP19 The Art of Deconstructing Problems: Tools, Tactics, and the ScatterBrain Obfuscator with Nin...",https://www.youtube.com/watch?v=PUV0JWKzuYo,transcripts/C06_Mandiant_Google_Cloud_Security/V0060.txt,2,"Play, Qilin",0,,13,Initial_Access,Windows,13,0,0,0,0,0,0,0,0,0,0,0,0,0,0,0,0,0,14,2,0
V0052,C06,Mandiant (Google Cloud Security),How Android Combats Mobile Scams,https://www.youtube.com/watch?v=99r8Ya0nzyY,transcripts/C06_Mandiant_Google_Cloud_Security/V0052.txt,1,Play,0,,6,Execution,ESXi,2,3,1,0,0,0,0,0,0,0,0,0,0,0,0,0,0,0,0,0,1
V0055,C06,Mandiant (Google Cloud Security),Data Pipeline Management in Google SecOps,https://www.youtube.com/watch?v=zruKcuSgzNI,transcripts/C06_Mandiant_Google_Cloud_Security/V0055.txt,2,"Play, Qilin",0,,2,Initial_Access,Windows,1,1,0,0,0,0,0,0,0,0,0,0,0,0,0,0,0,0,18,11,0
V0053,C06,Mandiant (Google Cloud Security),"EP21 From HITB Origins to Agentic AI: Web3, Music & The Future of Hacking with Dhillon Kannabhiran",https://www.youtube.com/watch?v=_zaUf78aACU,transcripts/C06_Mandiant_Google_Cloud_Security/V0053.txt,1,Play,0,,3,Initial_Access,Windows,3,0,0,0,0,0,0,0,0,0,0,0,0,0,0,0,0,0,2,0,0
V0051,C06,Mandiant (Google Cloud Security),"EP22 Jailbreaking, Prompt Injection, and the ""Agentic"" Flaw in MCP with Kevin Harris",https://www.youtube.com/watch?v=xSuxDQ0ZQe4,transcripts/C06_Mandiant_Google_Cloud_Security/V0051.txt,1,Play,0,,3,Initial_Access,,1,0,1,1,0,0,0,0,0,0,0,0,0,0,0,0,0,0,0,0,0
V0056,C06,Mandiant (Google Cloud Security),Simplifying Security and Log Ingestion: Bindplane + Google SecOps,https://www.youtube.com/watch?v=fzhbWb9oAEI,transcripts/C06_Mandiant_Google_Cloud_Security/V0056.txt,1,Qilin,0,,2,Execution,Windows,0,1,0,0,0,0,0,0,0,1,0,0,0,0,0,0,0,0,45,8,1
V0057,C06,Mandiant (Google Cloud Security),Using Gemini to Build Rules and Searches for Google SecOps,https://www.youtube.com/watch?v=jASM45DtQ5U,transcripts/C06_Mandiant_Google_Cloud_Security/V0057.txt,1,Qilin,0,,0,,Windows,0,0,0,0,0,0,0,0,0,0,0,0,0,0,0,0,0,0,1,0,0
V0341,C38,Blue Team Village,"IR - OODA! An hour in incident responder life  (DEF CON 30, Project Obsidian)",https://www.youtube.com/watch?v=K5AN_8G5Sc4,transcripts/C38_Blue_Team_Village/V0341.txt,1,Qilin,0,,22,Persistence,Windows,3,3,9,1,0,1,0,0,3,2,0,0,0,0,0,0,0,0,3,0,0
V0339,C38,Blue Team Village,"CTH: Go Phish: Visualizing Basic Malice (DEF CON 30, Project Obsidian)",https://www.youtube.com/watch?v=oXlCyvFed6Q,transcripts/C38_Blue_Team_Village/V0339.txt,0,,0,,30,Execution,,12,16,0,0,0,0,0,0,0,2,0,0,0,0,0,0,0,0,0,0,0
V0335,C38,Blue Team Village,DC31 - KC Track - IR Analysis Part I-II,https://www.youtube.com/watch?v=jgR6jvf62B8,transcripts/C38_Blue_Team_Village/V0335.txt,1,Qilin,0,,9,Persistence,Windows,2,0,3,2,0,2,0,0,0,0,0,0,0,0,0,0,0,0,15,4,0
V0336,C38,Blue Team Village,Forensics 101 Part I II,https://www.youtube.com/watch?v=kjOWlAjs94E,transcripts/C38_Blue_Team_Village/V0336.txt,1,Qilin,0,,0,,Windows,0,0,0,0,0,0,0,0,0,0,0,0,0,0,0,0,0,0,1,1,0
V0338,C38,Blue Team Village,Incident Response 101 Part 1-3,https://www.youtube.com/watch?v=eWIZALQozgk,transcripts/C38_Blue_Team_Village/V0338.txt,2,"INC, Play",0,,1,Initial_Access,,1,0,0,0,0,0,0,0,0,0,0,0,0,0,0,0,0,0,0,0,0
V0343,C38,Blue Team Village,"CTH: The Logs are Gone?  (DEF CON 30, Project Obsidian)",https://www.youtube.com/watch?v=0HB3rBiAJVw,transcripts/C38_Blue_Team_Village/V0343.txt,0,,0,,26,Execution,Windows,4,22,0,0,0,0,0,0,0,0,0,0,0,0,0,0,0,0,55,2,0
V0340,C38,Blue Team Village,"CTI: Generating Threat Intelligence from an Incident  (DEF CON 30, Project Obsidian)",https://www.youtube.com/watch?v=86LlAMwv3qY,transcripts/C38_Blue_Team_Village/V0340.txt,1,Play,0,,10,Execution,Windows,2,7,1,0,0,0,0,0,0,0,0,0,0,0,0,0,0,0,1,0,0
V0337,C38,Blue Team Village,Incident Response 101 Part IV - V,https://www.youtube.com/watch?v=Z7Jt9ts6x78,transcripts/C38_Blue_Team_Village/V0337.txt,0,,0,,1,Persistence,,0,0,1,0,0,0,0,0,0,0,0,0,0,0,0,0,0,0,0,0,0
V0344,C38,Blue Team Village,"CTH: Go Phish: Visualizing Basic Malice (DEF CON 30, Project Obsidian)",https://www.youtube.com/watch?v=3LeR4CTXfHA,transcripts/C38_Blue_Team_Village/V0344.txt,0,,0,,30,Execution,,12,16,0,0,0,0,0,0,0,2,0,0,0,0,0,0,0,0,0,0,0
V0342,C38,Blue Team Village,"CTH: Hunting for Adversary's Schedule  (DEF CON 30, Project Obsidian)",https://www.youtube.com/watch?v=x0MWxUiatVU,transcripts/C38_Blue_Team_Village/V0342.txt,0,,0,,27,Persistence,Windows,0,9,15,1,0,2,0,0,0,0,0,0,0,0,0,0,0,0,12,0,0
V0200,C21,CyberWire,Telegram for the throne. [Research Saturday],https://www.youtube.com/watch?v=IIpmGVUI-BQ,transcripts/C21_CyberWire/V0200.txt,1,Play,0,,6,Impact,Windows,1,1,1,0,0,0,0,0,0,3,0,0,0,0,0,0,0,0,1,0,0
V0196,C21,CyberWire,The basics broke telecom.,https://www.youtube.com/watch?v=d5xelZImdT4,transcripts/C21_CyberWire/V0196.txt,1,Play,0,,15,Initial_Access,,13,0,2,0,0,0,0,0,0,0,0,0,0,0,0,0,0,0,0,0,0
V0201,C21,CyberWire,Telegram for the throne.,https://www.youtube.com/watch?v=d4jhWp_pzFc,transcripts/C21_CyberWire/V0201.txt,1,Play,0,,6,Impact,Windows,1,1,1,0,0,0,0,0,0,3,0,0,0,0,0,0,0,0,1,0,0
V0193,C21,CyberWire,Multiple root-level risks resolved.,https://www.youtube.com/watch?v=mmH02AmaxRg,transcripts/C21_CyberWire/V0193.txt,2,"Medusa, Play",0,,16,Initial_Access,Windows,7,0,5,2,0,0,0,0,2,0,0,0,0,0,0,0,0,0,1,1,0
V0238,C26,MalwareTech,Why Microsoft Is To Blame For The Crowdstrike Outage (Not The EU),https://www.youtube.com/watch?v=EGttFWntctU,transcripts/C26_MalwareTech/V0238.txt,0,,0,,7,Initial_Access,Windows,4,0,2,0,0,0,0,0,1,0,0,0,0,0,0,0,0,0,35,0,0
V0240,C26,MalwareTech,How I Hacked My Garage Remote With a Flipper Zero & Microchip Programmer,https://www.youtube.com/watch?v=PD4We74ZUAg,transcripts/C26_MalwareTech/V0240.txt,1,Play,0,,1,Execution,,0,1,0,0,0,0,0,0,0,0,0,0,0,0,0,0,0,0,0,0,0
V0236,C26,MalwareTech,Bypassing App-Bound Encryption To Dump Browser Credentials | HuntersCON 2024 Keynote,https://www.youtube.com/watch?v=Op7poNLdi7c,transcripts/C26_MalwareTech/V0236.txt,1,Play,0,,64,Impact,Windows,29,0,0,4,0,0,0,0,1,30,0,0,0,0,0,0,0,0,5,1,0
V0235,C26,MalwareTech,Getting Started With Reverse Engineering | TryHackMe Advent Of Cyber - Day 21 Walkthrough,https://www.youtube.com/watch?v=K-oowwtK_8Q,transcripts/C26_MalwareTech/V0235.txt,0,,0,,1,Initial_Access,Windows,1,0,0,0,0,0,0,0,0,0,0,0,0,0,0,0,0,0,18,2,0
V0237,C26,MalwareTech,I Vulnerability Scanned The Entire Internet And Accidentally Made A Botnet,https://www.youtube.com/watch?v=REfYQh4-9lU,transcripts/C26_MalwareTech/V0237.txt,0,,0,,22,Initial_Access,,19,1,2,0,0,0,0,0,0,0,0,0,0,0,0,0,0,0,0,0,0
V0232,C26,MalwareTech,China Just Automated Cyberattacks With AI,https://www.youtube.com/watch?v=siZaZf3lK_8,transcripts/C26_MalwareTech/V0232.txt,1,LockBit,0,,21,Initial_Access,,14,6,0,0,0,0,0,0,1,0,0,0,0,0,0,0,0,0,0,0,0
V0234,C26,MalwareTech,Public Wi-Fi Is Safer Than You Think,https://www.youtube.com/watch?v=i7GwjGGwxzg,transcripts/C26_MalwareTech/V0234.txt,0,,0,,35,Impact,,1,0,1,0,0,0,0,0,0,33,0,0,0,0,0,0,0,0,0,0,0
V0383,C43,Active Countermeasures,Fireside Friday – Firewalling #infosec,https://www.youtube.com/watch?v=5KocQVpUFCk,transcripts/C43_Active_Countermeasures/V0383.txt,1,Play,0,,8,Execution,Linux,0,5,2,0,0,0,0,0,0,1,0,0,0,0,0,0,0,0,4,5,0
V0376,C43,Active Countermeasures,Command & Convo - The C2 Webcast - Episode 6: Velociraptor as C2,https://www.youtube.com/watch?v=x_X1o22yXRA,transcripts/C43_Active_Countermeasures/V0376.txt,2,"INC, Play",7,Cobalt_Strike,61,Persistence,Windows,13,8,21,1,0,9,0,7,2,0,7,0,0,0,0,0,0,0,8,4,0
V0375,C43,Active Countermeasures,Threat Hunting C2 - DNS TXT Record Abuse w/ Faan Rossouw,https://www.youtube.com/watch?v=ccgdD2eWFxQ,transcripts/C43_Active_Countermeasures/V0375.txt,0,,1,Cobalt_Strike,14,Impact,Linux,0,0,3,2,0,0,0,1,1,7,1,0,0,0,0,0,0,0,0,2,0
V0379,C43,Active Countermeasures,Fireside Friday – Anatomy of a VPN – Part 3 #infosec,https://www.youtube.com/watch?v=qIZ1jJCtiCo,transcripts/C43_Active_Countermeasures/V0379.txt,2,"Play, Qilin",0,,26,Impact,Windows,2,0,4,0,0,0,0,0,0,20,0,0,0,0,0,0,0,0,6,4,0
V0378,C43,Active Countermeasures,Fireside Friday – Authentication and Password Cracking #infosec,https://www.youtube.com/watch?v=d5GrSLjA0HU,transcripts/C43_Active_Countermeasures/V0378.txt,1,Hive,0,,6,Initial_Access,Windows,5,0,0,0,0,1,0,0,0,0,0,0,0,0,0,0,0,0,17,4,0
V0381,C43,Active Countermeasures,Fireside Friday – Anatomy of a VPN – Part 1 #infosec,https://www.youtube.com/watch?v=8XA4EQ6xInE,transcripts/C43_Active_Countermeasures/V0381.txt,1,Play,0,,40,Impact,Linux,5,3,1,0,0,0,0,0,0,31,0,0,0,0,0,0,0,0,0,2,1
V0377,C43,Active Countermeasures,Command & Convo - Episode 5: Tunneled C2 Communication with Ligolo-ng,https://www.youtube.com/watch?v=wlZfypMkOGc,transcripts/C43_Active_Countermeasures/V0377.txt,0,,5,Cobalt_Strike,21,Impact,Linux,4,0,0,1,0,1,0,5,1,9,5,0,0,0,0,0,0,0,0,1,0
V0384,C43,Active Countermeasures,Fireside Friday – IP Transports #infosec,https://www.youtube.com/watch?v=vl-dwFFPseI,transcripts/C43_Active_Countermeasures/V0384.txt,0,,0,,9,Impact,Linux,0,1,1,0,0,0,0,0,0,7,0,0,0,0,0,0,0,0,0,5,0
V0380,C43,Active Countermeasures,Fireside Friday – Anatomy of a VPN – Part 2 #infosec,https://www.youtube.com/watch?v=QNntaPWVNMg,transcripts/C43_Active_Countermeasures/V0380.txt,1,Play,0,,52,Impact,Windows,1,1,0,0,0,0,0,0,0,50,0,0,0,0,0,0,0,0,8,6,0
V0382,C43,Active Countermeasures,Fireside Friday – Firewalling – Hands-on #infosec,https://www.youtube.com/watch?v=4NTZIWSQSfc,transcripts/C43_Active_Countermeasures/V0382.txt,1,Play,0,,27,Execution,Linux,6,14,2,0,0,5,0,0,0,0,0,0,0,0,0,0,0,0,0,5,0
V0174,C19,OALabs,Automated AI Reverse Engineering with MCP for IDA and Ghidra (Live VIBE RE),https://www.youtube.com/watch?v=iFxNuk3kxhk,transcripts/C19_OALabs/V0174.txt,1,Play,0,,31,Impact,Windows,2,3,0,3,0,0,0,0,3,20,0,0,0,0,0,0,0,0,5,0,0
V0173,C19,OALabs,Reverse Engineering Access Tokens Part 2,https://www.youtube.com/watch?v=Y58eBWyJxDA,transcripts/C19_OALabs/V0173.txt,0,,0,,80,Privilege_Escalation,Windows,1,4,0,75,0,0,0,0,0,0,0,0,0,0,0,0,0,0,4,0,0
V0175,C19,OALabs,Zombieware,https://www.youtube.com/watch?v=NNLZmB6_aGA,transcripts/C19_OALabs/V0175.txt,0,,0,,7,Impact,,0,1,0,0,0,0,0,0,0,6,0,0,0,0,0,0,0,0,0,0,0
V0176,C19,OALabs,Introduction to YARA Part 1 - What is a YARA Rule,https://www.youtube.com/watch?v=3BpIhbsDR_I,transcripts/C19_OALabs/V0176.txt,0,,0,,2,Persistence,Windows,0,0,2,0,0,0,0,0,0,0,0,0,0,0,0,0,0,0,2,1,0
V0181,C19,OALabs,ESXiArgs Ransomware Analysis with @fwosar,https://www.youtube.com/watch?v=bBcvqxPdjoI,transcripts/C19_OALabs/V0181.txt,2,"Babuk, Play",0,,70,Impact,ESXi,4,5,0,0,0,0,0,0,3,58,0,0,0,0,0,0,0,0,6,18,24
V0178,C19,OALabs,Direct vs. Indirect Syscalls What Is All The HYPE?!  [OALABS Call-In Show],https://www.youtube.com/watch?v=W2SeruUxhDs,transcripts/C19_OALabs/V0178.txt,1,Play,0,,1,Initial_Access,,1,0,0,0,0,0,0,0,0,0,0,0,0,0,0,0,0,0,0,0,0
V0182,C19,OALabs,Do Companies Actually Pay Ransomware [ Reverse Engineering AMA ],https://www.youtube.com/watch?v=-CD82mTcy5A,transcripts/C19_OALabs/V0182.txt,0,,0,,3,Persistence,,0,0,1,0,0,0,0,0,1,1,0,0,0,0,0,0,0,0,0,0,0
V0177,C19,OALabs,How To Recognize Macro Encrypted Strings in Malware,https://www.youtube.com/watch?v=fEAGYjhKzJY,transcripts/C19_OALabs/V0177.txt,0,,0,,11,Execution,,0,9,0,0,0,0,0,0,0,2,0,0,0,0,0,0,0,0,0,0,0
V0075,C08,Red Canary,Add some clarity to your cloud threat detections now,https://www.youtube.com/watch?v=QLdbteD4GU4,transcripts/C08_Red_Canary/V0075.txt,1,Play,0,,10,Initial_Access,Linux,4,3,2,0,0,0,0,0,1,0,0,0,0,0,0,0,0,0,0,4,0
V0072,C08,Red Canary,Is OpenClaw an entry point for attackers?,https://www.youtube.com/watch?v=9M53_oFsDIE,transcripts/C08_Red_Canary/V0072.txt,0,,0,,5,Initial_Access,,3,0,0,0,0,0,0,0,2,0,0,0,0,0,0,0,0,0,0,0,0
V0079,C08,Red Canary,"Sha1-Hulud, MacSync Stealer, ScreenConnect: What we know!",https://www.youtube.com/watch?v=SNXcUTWtbdA,transcripts/C08_Red_Canary/V0079.txt,0,,0,,6,Execution,Windows,0,5,0,0,0,0,0,0,1,0,0,0,0,0,0,0,0,0,7,0,0
V0071,C08,Red Canary,RMM abuse is ramping up. See the latest data!,https://www.youtube.com/watch?v=l3uEeKeq0KA,transcripts/C08_Red_Canary/V0071.txt,0,,0,,25,Execution,Windows,2,19,4,0,0,0,0,0,0,0,0,0,0,0,0,0,0,0,1,0,0
V0076,C08,Red Canary,How to spot and defend against AI threats,https://www.youtube.com/watch?v=1ZYsJcq-zQI,transcripts/C08_Red_Canary/V0076.txt,1,Play,0,,4,Initial_Access,,4,0,0,0,0,0,0,0,0,0,0,0,0,0,0,0,0,0,0,0,0
V0078,C08,Red Canary,Modern app control that works,https://www.youtube.com/watch?v=B8_XRjKAzeU,transcripts/C08_Red_Canary/V0078.txt,1,Play,0,,16,Execution,Windows,0,16,0,0,0,0,0,0,0,0,0,0,0,0,0,0,0,0,14,1,0
V0074,C08,Red Canary,Why AI is worth it: Transforming detection engineering in the SOC,https://www.youtube.com/watch?v=miaXivB7Sv4,transcripts/C08_Red_Canary/V0074.txt,1,Play,0,,6,Initial_Access,,5,0,1,0,0,0,0,0,0,0,0,0,0,0,0,0,0,0,0,0,0
V0297,C33,ESET,The State of Ransomware: Is it declining or shifting?,https://www.youtube.com/watch?v=EuIoOAtLZJM,transcripts/C33_ESET/V0297.txt,1,Play,0,,17,Initial_Access,,10,0,1,0,0,0,0,0,4,2,0,0,0,0,0,0,0,0,0,0,0
V0296,C33,ESET,How to get into Cybersecurity | Cybersecurity Podcast,https://www.youtube.com/watch?v=eJEQREqeML8,transcripts/C33_ESET/V0296.txt,0,,0,,0,,Windows,0,0,0,0,0,0,0,0,0,0,0,0,0,0,0,0,0,0,2,0,0
V0301,C33,ESET,Is Your Business REALLY Cyber Secure? | Cybersecurity Podcast,https://www.youtube.com/watch?v=vxo6WdxYF1U,transcripts/C33_ESET/V0301.txt,0,,0,,8,Initial_Access,Windows,4,0,2,0,0,0,0,0,2,0,0,0,0,0,0,0,0,0,1,0,0
V0299,C33,ESET,What is Penetration Testing? | Cybersecurity Podcast,https://www.youtube.com/watch?v=C43CwRkqM24,transcripts/C33_ESET/V0299.txt,1,Play,0,,18,Initial_Access,,15,0,1,2,0,0,0,0,0,0,0,0,0,0,0,0,0,0,0,0,0
V0295,C33,ESET,Why Is Your Data Worth So Much? | Cybersecurity Podcast,https://www.youtube.com/watch?v=38jedIJrEwI,transcripts/C33_ESET/V0295.txt,0,,0,,2,Persistence,,0,0,1,0,0,0,0,0,0,1,0,0,0,0,0,0,0,0,0,0,0
V0300,C33,ESET,Unwrapping Christmas Scams | Cybersecurity Podcast,https://www.youtube.com/watch?v=L-61eaIg7fA,transcripts/C33_ESET/V0300.txt,0,,0,,7,Initial_Access,,4,0,2,0,0,0,0,0,0,1,0,0,0,0,0,0,0,0,0,0,0
V0294,C33,ESET,How Social Engineering Really Works | Cybersecurity Podcast,https://www.youtube.com/watch?v=PZY42BRJ9RI,transcripts/C33_ESET/V0294.txt,0,,0,,5,Initial_Access,,4,0,1,0,0,0,0,0,0,0,0,0,0,0,0,0,0,0,0,0,0
V0291,C32,Sophos,Sophos X-Ops: MDR ThreatCast Oct. 2025,https://www.youtube.com/watch?v=GKQMVx8Bewo,transcripts/C32_Sophos/V0291.txt,3,"Akira, INC, Play",0,,63,Initial_Access,Windows,33,7,11,0,0,1,0,0,6,5,0,0,0,0,0,0,0,0,11,0,0
V0292,C32,Sophos,Sophos Central: Enroll and use authenticators,https://www.youtube.com/watch?v=EsVfZ0xCptE,transcripts/C32_Sophos/V0292.txt,0,,0,,2,Initial_Access,Windows,2,0,0,0,0,0,0,0,0,0,0,0,0,0,0,0,0,0,6,0,0
V0286,C32,Sophos,"Inside GOLD BLADE: Fake Resumes, Ransomware, and Real Business Impact",https://www.youtube.com/watch?v=PO12gHjeH-Y,transcripts/C32_Sophos/V0286.txt,1,LockBit,0,,4,Impact,,1,0,0,0,0,0,0,0,1,2,0,0,0,0,0,0,0,0,0,0,0
V0284,C32,Sophos,Sophos Workspace Protection: Set up Sophos Protected Browser,https://www.youtube.com/watch?v=s3i5QWFzIdE,transcripts/C32_Sophos/V0284.txt,0,,0,,6,Persistence,Windows,1,0,3,0,0,1,0,0,0,1,0,0,0,0,0,0,0,0,1,0,0
V0070,C07,Sophos X-Ops,Sophos X-Ops Incident Response: How To Investigate Rclone Data Exfiltration,https://www.youtube.com/watch?v=bWq1S0xr42s,transcripts/C07_Sophos_X-Ops/V0070.txt,0,,12,Rclone,23,Exfiltration,,1,0,1,0,0,0,0,0,21,0,0,0,0,12,0,0,0,0,0,0,0
V0061,C07,Sophos X-Ops,Sophos MDR ThreatCast (Jan. 2025): 2024 Year in Review,https://www.youtube.com/watch?v=mMe9G0d_4rE,transcripts/C07_Sophos_X-Ops/V0061.txt,2,"Akira, Play",0,,71,Initial_Access,Linux,52,2,9,4,0,0,0,0,3,1,0,0,0,0,0,0,0,0,2,7,0
V0068,C07,Sophos X-Ops,Remote Ransomware vs Sophos CryptoGuard,https://www.youtube.com/watch?v=JPWU-yCaShg,transcripts/C07_Sophos_X-Ops/V0068.txt,5,"Akira, BlackCat, LockBit, Play, Royal",0,,11,Impact,Windows,1,1,0,0,0,0,0,0,0,9,0,0,0,0,0,0,0,0,3,0,0
V0064,C07,Sophos X-Ops,Sophos MDR ThreatCast September 2024,https://www.youtube.com/watch?v=QO_OXeN9W-c,transcripts/C07_Sophos_X-Ops/V0064.txt,5,"Akira, Conti, Hive, Qilin, Royal",0,,63,Initial_Access,Windows,43,3,12,0,0,0,0,0,3,2,0,0,0,0,0,0,0,0,8,1,0
V0066,C07,Sophos X-Ops,Mad Liberator and the AnyDesk gambit,https://www.youtube.com/watch?v=QPrRU1bkmVU,transcripts/C07_Sophos_X-Ops/V0066.txt,0,,27,AnyDesk,4,Exfiltration,Windows,1,0,0,0,0,0,0,0,3,0,0,0,0,0,0,27,0,0,1,0,0
V0063,C07,Sophos X-Ops,Sophos MDR ThreatCast October 2024,https://www.youtube.com/watch?v=1GsWX8pNzoU,transcripts/C07_Sophos_X-Ops/V0063.txt,3,"Akira, Play, Qilin",0,,70,Initial_Access,Windows,43,2,14,1,0,2,0,0,8,0,0,0,0,0,0,0,0,0,10,5,0
V0062,C07,Sophos X-Ops,Sophos MDR ThreatCast November 2024,https://www.youtube.com/watch?v=IRl5UqbAx2s,transcripts/C07_Sophos_X-Ops/V0062.txt,4,"Akira, Hive, INC, Play",0,,92,Initial_Access,Windows,56,23,9,0,0,0,0,0,4,0,0,0,0,0,0,0,0,0,14,0,2
V0067,C07,Sophos X-Ops,RDP: Executing the 4624 4625 Login Query,https://www.youtube.com/watch?v=YpvAnSEk8HU,transcripts/C07_Sophos_X-Ops/V0067.txt,0,,0,,14,Initial_Access,Windows,7,0,0,0,0,7,0,0,0,0,0,0,0,0,0,0,0,0,1,1,0
V0065,C07,Sophos X-Ops,Sophos MDR ThreatCast August 2024,https://www.youtube.com/watch?v=TP0o_kQHVfA,transcripts/C07_Sophos_X-Ops/V0065.txt,3,"Akira, Play, Royal",2,Cobalt_Strike,60,Initial_Access,Windows,27,8,6,8,0,1,0,2,7,1,2,0,0,0,0,0,0,0,12,0,9
V0069,C07,Sophos X-Ops,Sophos X-Ops Incident Response:  Identifying Group Policy Attacks,https://www.youtube.com/watch?v=t1kv5pDURl4,transcripts/C07_Sophos_X-Ops/V0069.txt,0,,2,"Cobalt_Strike, AnyDesk",17,Persistence,Windows,3,3,6,0,0,1,0,1,1,2,1,0,0,0,0,1,0,0,16,0,0
V0422,C48,ThreatLocker,How to reduce risk across hypervisors and virtual machines  [ThreatLocker® Webinar],https://www.youtube.com/watch?v=_AA_KyeOADE,transcripts/C48_ThreatLocker/V0422.txt,0,,0,,42,Execution,ESXi,15,18,0,0,0,1,0,0,0,8,0,0,0,0,0,0,0,0,8,3,24
V0428,C48,ThreatLocker,Inside the attack: See ransomware get shut down [ThreatLocker® Webinar],https://www.youtube.com/watch?v=3AXZ-xoq6Lk,transcripts/C48_ThreatLocker/V0428.txt,1,Medusa,0,,39,Impact,Windows,0,6,6,1,0,0,0,0,0,26,0,0,0,0,0,0,0,0,8,4,0
V0423,C48,ThreatLocker,Preventing trusted software exploitation with application containment [ThreatLocker® Webinar],https://www.youtube.com/watch?v=xsL_hTf9vD0,transcripts/C48_ThreatLocker/V0423.txt,0,,0,,85,Execution,Windows,24,52,6,1,0,0,0,1,1,0,0,0,0,0,0,0,0,0,12,0,0
V0431,C48,ThreatLocker,Series overview  – 100 days to secure your environment – Episode 15,https://www.youtube.com/watch?v=fsPj6bm-pQE,transcripts/C48_ThreatLocker/V0431.txt,0,,0,,31,Execution,Windows,8,9,1,0,0,5,0,0,3,5,0,0,0,0,0,0,0,0,17,0,1
V0429,C48,ThreatLocker,Beyond detection: How to enforce Zero Trust with application whitelisting  [ThreatLocker® Webinar],https://www.youtube.com/watch?v=NGij3ElbnRE,transcripts/C48_ThreatLocker/V0429.txt,1,Play,0,,39,Execution,Windows,3,22,2,4,0,3,0,0,1,4,0,0,0,0,0,0,0,0,6,1,0
V0424,C48,ThreatLocker,Ask the experts: Live Q&A about all things ThreatLocker [ThreatLocker® Webinar],https://www.youtube.com/watch?v=2-ol868NxJg,transcripts/C48_ThreatLocker/V0424.txt,0,,0,,50,Execution,Windows,4,34,2,2,0,2,0,0,1,5,0,0,0,0,0,0,0,0,8,6,0
V0427,C48,ThreatLocker,New Allowlisting strategies to empower your security [ThreatLocker® Webinar],https://www.youtube.com/watch?v=mvd44oHFke8,transcripts/C48_ThreatLocker/V0427.txt,0,,0,,23,Execution,Windows,0,17,2,0,0,0,0,0,2,2,0,0,0,0,0,0,0,0,15,0,0
V0430,C48,ThreatLocker,Cybersecurity readiness for out of office downtime [ThreatLocker® Webinar],https://www.youtube.com/watch?v=yuyO4rn_mRA,transcripts/C48_ThreatLocker/V0430.txt,1,Akira,0,,81,Initial_Access,Windows,20,19,1,0,0,15,0,2,8,16,0,0,0,0,0,0,0,0,12,0,1
V0426,C48,ThreatLocker,Defend against misconfigurations before they open the door to attacks [ThreatLocker® Webinar],https://www.youtube.com/watch?v=Eoj0JvuH168,transcripts/C48_ThreatLocker/V0426.txt,1,Play,0,,30,Execution,Windows,8,13,6,1,0,2,0,0,0,0,0,0,0,0,0,0,0,0,12,6,0
V0046,C05,CrowdStrike,"Taking Down Cybercriminals with Shawn Henry, Former FBI Leader",https://www.youtube.com/watch?v=YXLpTzzvi1Q,transcripts/C05_CrowdStrike/V0046.txt,0,,0,,1,Persistence,,0,0,1,0,0,0,0,0,0,0,0,0,0,0,0,0,0,0,0,0,0
V0048,C05,CrowdStrike,Is This Endgame? How Takedowns Are Reshaping eCrime,https://www.youtube.com/watch?v=3iNHYERZAvg,transcripts/C05_CrowdStrike/V0048.txt,3,"Conti, LockBit, Play",0,,10,Persistence,,0,0,8,0,0,0,0,0,1,1,0,0,0,0,0,0,0,0,0,0,0
V0049,C05,CrowdStrike,CrowdStrike Leads the Way in the 2025 MITRE ATT&CK Enterprise Evaluations,https://www.youtube.com/watch?v=MnZcvFn9VxQ,transcripts/C05_CrowdStrike/V0049.txt,0,,0,,5,Initial_Access,Windows,2,0,0,1,0,0,0,0,1,1,0,0,0,0,0,0,0,0,1,0,0
V0045,C05,CrowdStrike,Under The Light: Operationalizing CTEM with Falcon Exposure Management,https://www.youtube.com/watch?v=MFRxNItZZP4,transcripts/C05_CrowdStrike/V0045.txt,0,,0,,5,Initial_Access,,4,0,1,0,0,0,0,0,0,0,0,0,0,0,0,0,0,0,0,0,0
V0044,C05,CrowdStrike,LABYRINTH CHOLLIMA Evolves into Three Adversaries,https://www.youtube.com/watch?v=aHQzT0eJ7C0,transcripts/C05_CrowdStrike/V0044.txt,1,Play,0,,6,Persistence,,2,0,4,0,0,0,0,0,0,0,0,0,0,0,0,0,0,0,0,0,0
V0042,C05,CrowdStrike,"Interview with a Threat Hunter: Brody Nisbet, Sr. Director of CrowdStrike OverWatch",https://www.youtube.com/watch?v=8U3AujVy1Jg,transcripts/C05_CrowdStrike/V0042.txt,0,,0,,15,Initial_Access,Windows,8,1,6,0,0,0,0,0,0,0,0,0,0,0,0,0,0,0,1,0,0
V0047,C05,CrowdStrike,2025 Wrapped: Updates on This Year’s Hottest Topics,https://www.youtube.com/watch?v=lRSGQV8Clgw,transcripts/C05_CrowdStrike/V0047.txt,2,"Play, Royal",0,,19,Initial_Access,ESXi,13,0,4,0,0,0,0,0,1,1,0,0,0,0,0,0,0,0,1,0,3
V0041,C05,CrowdStrike,"Speed, Stealth, and AI: The CrowdStrike 2026 Global Threat Report",https://www.youtube.com/watch?v=gIeau0bhhMI,transcripts/C05_CrowdStrike/V0041.txt,3,"Akira, LockBit, Play",0,,18,Initial_Access,Windows,11,2,2,0,0,0,0,0,1,2,0,0,0,0,0,0,0,0,2,0,0
V0089,C09,Huntress,Tradecraft Tuesday | A Look Inside the React2Shell,https://www.youtube.com/watch?v=xpQ1a4drf1o,transcripts/C09_Huntress/V0089.txt,1,Play,0,,62,Initial_Access,Linux,54,1,4,0,0,0,0,0,2,1,0,0,0,0,0,0,0,0,2,7,0
V0081,C09,Huntress,From Trafficking Victim to Cybercrime Whistleblower,https://www.youtube.com/watch?v=d3oy3Ph5T5U,transcripts/C09_Huntress/V0081.txt,1,Play,1,Cobalt_Strike,17,Initial_Access,,11,0,3,0,0,0,0,1,0,2,1,0,0,0,0,0,0,0,0,0,0
V0086,C09,Huntress,The Product Lab | December 2025,https://www.youtube.com/watch?v=GW3SqDH-_hg,transcripts/C09_Huntress/V0086.txt,2,"Play, Qilin",0,,4,Initial_Access,Windows,3,0,0,0,0,1,0,0,0,0,0,0,0,0,0,0,0,0,7,0,0
V0090,C09,Huntress,Community Fireside Chat | Nailing Your Incident Response (IR) Planning,https://www.youtube.com/watch?v=U_EgekHjHyM,transcripts/C09_Huntress/V0090.txt,1,Play,0,,0,,,0,0,0,0,0,0,0,0,0,0,0,0,0,0,0,0,0,0,0,0,0
V0082,C09,Huntress,What We've Learned From Protecting 4M Endpoints & 9M Identities,https://www.youtube.com/watch?v=9ovkrQWcb2Y,transcripts/C09_Huntress/V0082.txt,0,,0,,3,Initial_Access,Windows,2,1,0,0,0,0,0,0,0,0,0,0,0,0,0,0,0,0,1,0,0
V0083,C09,Huntress,"Community Fireside Chat | Beyond the Tech: Mastering the ""Business-First"" QBR",https://www.youtube.com/watch?v=GJ_w1v1pI5Q,transcripts/C09_Huntress/V0083.txt,1,Qilin,0,,7,Initial_Access,,4,1,2,0,0,0,0,0,0,0,0,0,0,0,0,0,0,0,0,0,0
V0088,C09,Huntress,Community Fireside Chat | The Evolution of Cyber Insurance: Rethinking Carrier Vendor Panels,https://www.youtube.com/watch?v=Y_y5CMpLm2I,transcripts/C09_Huntress/V0088.txt,1,Play,0,,3,Persistence,,0,0,3,0,0,0,0,0,0,0,0,0,0,0,0,0,0,0,0,0,0
V0084,C09,Huntress,"Community Fireside Chat (EMEA) | Beyond the Tech: Mastering the ""Business-First"" QBR",https://www.youtube.com/watch?v=_qnz_EBDpkg,transcripts/C09_Huntress/V0084.txt,0,,0,,11,Persistence,,1,0,8,0,0,0,0,0,0,2,0,0,0,0,0,0,0,0,0,0,0
V0085,C09,Huntress,Tradecraft Tuesday | Hiding in Plain Sight - AppDomainManager Injection,https://www.youtube.com/watch?v=XlHQezA8W3s,transcripts/C09_Huntress/V0085.txt,3,"Hive, Play, Qilin",2,Cobalt_Strike,23,Privilege_Escalation,Windows,6,4,3,8,0,0,0,2,0,0,2,0,0,0,0,0,0,0,13,0,0
V0401,C45,Arctic Wolf,"The Howler Episode 23 - Matthew Trushinski, Vice President of Product Marketing",https://www.youtube.com/watch?v=IwWRTKhR6bk,transcripts/C45_Arctic_Wolf/V0401.txt,1,Play,0,,3,Initial_Access,,2,0,1,0,0,0,0,0,0,0,0,0,0,0,0,0,0,0,0,0,0
V0399,C45,Arctic Wolf,"The Howler Episode 25 - Susan Corcoran, Chief Accounting Officer",https://www.youtube.com/watch?v=BK0kH_1szFc,transcripts/C45_Arctic_Wolf/V0399.txt,1,Play,0,,1,Persistence,Windows,0,0,1,0,0,0,0,0,0,0,0,0,0,0,0,0,0,0,3,0,0
V0396,C45,Arctic Wolf,Arctic Wolf and AWS: AI-Powered SOC and Security Incident Response,https://www.youtube.com/watch?v=x2F7d5AfEJE,transcripts/C45_Arctic_Wolf/V0396.txt,0,,0,,7,Persistence,,1,0,6,0,0,0,0,0,0,0,0,0,0,0,0,0,0,0,0,0,0
V0397,C45,Arctic Wolf,From Dugouts to Data Lakes: Applying Moneyball to the AI SOC,https://www.youtube.com/watch?v=rdan6cCgXA0,transcripts/C45_Arctic_Wolf/V0397.txt,1,Play,0,,6,Initial_Access,,3,0,2,0,0,0,0,0,0,1,0,0,0,0,0,0,0,0,0,0,0
V0395,C45,Arctic Wolf,"The Howler Episode 27 - Charlie Smith, SVP Global Acquisition Sales Engineering",https://www.youtube.com/watch?v=r-7SRnFBjeg,transcripts/C45_Arctic_Wolf/V0395.txt,1,Play,0,,5,Persistence,,0,0,5,0,0,0,0,0,0,0,0,0,0,0,0,0,0,0,0,0,0
V0026,C03,Black Hat,Black Hat USA 2025 | Vaulted Severance: Your Secrets Are Now Outies,https://www.youtube.com/watch?v=KC-8DhS8x5Q,transcripts/C03_Black_Hat/V0026.txt,0,,0,,28,Privilege_Escalation,Windows,5,0,3,15,0,0,0,0,0,5,0,0,0,0,0,0,0,0,1,0,0
V0030,C03,Black Hat,Black Hat USA 2025 | From Prompts to Pwns: Exploiting and Securing AI Agents,https://www.youtube.com/watch?v=zipgr080EQU,transcripts/C03_Black_Hat/V0030.txt,1,Qilin,0,,21,Initial_Access,Windows,5,5,4,0,0,0,0,3,4,0,0,0,0,0,0,0,0,0,2,0,0
V0027,C03,Black Hat,Black Hat USA 2025 | A Fireside Chat with Cognitive Scientist and AI Expert Gary Marcus,https://www.youtube.com/watch?v=e69OE0ZjskA,transcripts/C03_Black_Hat/V0027.txt,1,Play,0,,2,Initial_Access,,1,1,0,0,0,0,0,0,0,0,0,0,0,0,0,0,0,0,0,0,0
V0029,C03,Black Hat,Black Hat USA 2025 | Exploiting DNS for Stealthy User Tracking,https://www.youtube.com/watch?v=xQy1YcLK1Ak,transcripts/C03_Black_Hat/V0029.txt,2,"Play, Qilin",0,,3,Impact,Windows,1,0,0,0,0,0,0,0,0,2,0,0,0,0,0,0,0,0,5,0,0
V0022,C03,Black Hat,Black Hat USA 2025 | FACADE: High-Precision Insider Threat Detection Using Contrastive Learning,https://www.youtube.com/watch?v=3CV1efZSHmQ,transcripts/C03_Black_Hat/V0022.txt,0,,0,,3,Initial_Access,Windows,3,0,0,0,0,0,0,0,0,0,0,0,0,0,0,0,0,0,1,0,0
V0023,C03,Black Hat,Black Hat USA 2025 | Breaking Out of The AI Cage: Pwning AI Providers with NVIDIA Vulnerabilities,https://www.youtube.com/watch?v=5RH0StmV7Eo,transcripts/C03_Black_Hat/V0023.txt,0,,0,,72,Initial_Access,Linux,62,0,9,1,0,0,0,0,0,0,0,0,0,0,0,0,0,0,0,3,0
V0021,C03,Black Hat,Black Hat USA 2025 | Enhancing Command Line Classification with Benign Anomalous Data,https://www.youtube.com/watch?v=om5x9aFrnLE,transcripts/C03_Black_Hat/V0021.txt,0,,0,,8,Execution,,0,5,3,0,0,0,0,0,0,0,0,0,0,0,0,0,0,0,0,0,0
V0025,C03,Black Hat,Black Hat USA 2025 | AI Enterprise Compromise - 0click Exploit Methods,https://www.youtube.com/watch?v=M_BDq2hTJxU,transcripts/C03_Black_Hat/V0025.txt,1,Play,0,,8,Exfiltration,,2,0,1,1,0,0,0,0,4,0,0,0,0,0,0,0,0,0,0,0,0
V0028,C03,Black Hat,Black Hat USA 2025 | Hacking the Status Quo: Tales From Leading Women in Cybersecurity,https://www.youtube.com/watch?v=8V4i8TW1YXU,transcripts/C03_Black_Hat/V0028.txt,0,,0,,10,Initial_Access,,8,0,2,0,0,0,0,0,0,0,0,0,0,0,0,0,0,0,0,0,0
V0024,C03,Black Hat,Black Hat USA 2025 | Autonomous Timeline Analysis and Threat Hunting: An AI Agent for Timesketch,https://www.youtube.com/watch?v=9EA7kz4bGvQ,transcripts/C03_Black_Hat/V0024.txt,1,Qilin,0,,3,Initial_Access,Windows,2,1,0,0,0,0,0,0,0,0,0,0,0,0,0,0,0,0,6,3,0
V0145,C16,USENIX Security,SREcon25 Europe/Middle East/Africa - Service Messy: Pagerduty's Service Mesh Migration,https://www.youtube.com/watch?v=vPcbT9hSUJU,transcripts/C16_USENIX_Security/V0145.txt,0,,0,,31,Persistence,,0,1,24,0,0,0,0,0,0,6,0,0,0,0,0,0,0,0,0,0,0
V0146,C16,USENIX Security,SREcon25 Europe/Middle East/Africa - Gaining Insights from a Black Box System,https://www.youtube.com/watch?v=x9OYdphaujg,transcripts/C16_USENIX_Security/V0146.txt,1,Play,0,,7,Persistence,,0,0,7,0,0,0,0,0,0,0,0,0,0,0,0,0,0,0,0,0,0
V0148,C16,USENIX Security,SREcon25 Europe/Middle East/Africa - The Bitter and the Sweet of Running a Planet-Scale Build &...,https://www.youtube.com/watch?v=E_qxG2vX8XE,transcripts/C16_USENIX_Security/V0148.txt,1,Play,0,,4,Persistence,Linux,0,0,4,0,0,0,0,0,0,0,0,0,0,0,0,0,0,0,0,1,0
V0216,C23,Microsoft Security,Microsoft Defender | Security Copilot Phishing Triage Agent,https://www.youtube.com/watch?v=0Pimw2DnopM,transcripts/C23_Microsoft_Security/V0216.txt,0,,0,,10,Initial_Access,,10,0,0,0,0,0,0,0,0,0,0,0,0,0,0,0,0,0,0,0,0
V0220,C23,Microsoft Security,Threat briefing: The state of cybercrime and AI’s double-edged sword | Microsoft Security Forum,https://www.youtube.com/watch?v=dQXPEeMi6SI,transcripts/C23_Microsoft_Security/V0220.txt,0,,0,,19,Initial_Access,,12,0,6,0,0,0,0,0,0,1,0,0,0,0,0,0,0,0,0,0,0
V0221,C23,Microsoft Security,The impact of AI on security strategy | Microsoft Security Forum,https://www.youtube.com/watch?v=hTtR_7yb6P0,transcripts/C23_Microsoft_Security/V0221.txt,1,Play,0,,4,Initial_Access,,4,0,0,0,0,0,0,0,0,0,0,0,0,0,0,0,0,0,0,0,0
V0391,C44,VMware Carbon Black,Container Visibility for Enterprise EDR CB Linux Sensor 2.15,https://www.youtube.com/watch?v=99G1VRWbZUk,transcripts/C44_VMware_Carbon_Black/V0391.txt,0,,0,,11,Command_and_Control,Linux,4,2,0,0,0,0,0,5,0,0,0,0,0,0,0,0,0,0,0,16,0
V0392,C44,VMware Carbon Black,Carbon Black - Cloud Native Detection and Response Announcement,https://www.youtube.com/watch?v=p0MRAGyXtFU,transcripts/C44_VMware_Carbon_Black/V0392.txt,0,,0,,11,Command_and_Control,Linux,2,2,0,0,0,0,0,7,0,0,0,0,0,0,0,0,0,0,0,16,0
V0387,C44,VMware Carbon Black,Cloud Native Detection and Response features in Carbon Black,https://www.youtube.com/watch?v=yiwSNyVc4Vk,transcripts/C44_VMware_Carbon_Black/V0387.txt,0,,0,,7,Persistence,Linux,3,0,4,0,0,0,0,0,0,0,0,0,0,0,0,0,0,0,7,18,0
V0390,C44,VMware Carbon Black,Carbon Black Office Hour - XDR: Reduce Risk and Protect from Modern Threats,https://www.youtube.com/watch?v=8qAnwNKmA0o,transcripts/C44_VMware_Carbon_Black/V0390.txt,0,,2,Cobalt_Strike,11,Execution,ESXi,1,4,0,0,0,0,0,2,4,0,2,0,0,0,0,0,0,0,1,0,2
V0389,C44,VMware Carbon Black,Introducing the Observations Experience for Carbon Black Cloud,https://www.youtube.com/watch?v=EzLQyptkuTo,transcripts/C44_VMware_Carbon_Black/V0389.txt,0,,0,,0,,ESXi,0,0,0,0,0,0,0,0,0,0,0,0,0,0,0,0,0,0,0,0,3
V0385,C44,VMware Carbon Black,Carbon Black App Control   Demo,https://www.youtube.com/watch?v=uWCjsSG-9Fk,transcripts/C44_VMware_Carbon_Black/V0385.txt,0,,0,,5,Execution,Windows,2,3,0,0,0,0,0,0,0,0,0,0,0,0,0,0,0,0,1,0,0
V0394,C44,VMware Carbon Black,Carbon Black Office Hours: Bringing Host-Based Firewall to the Carbon Black Cloud,https://www.youtube.com/watch?v=CZno8xhLrwI,transcripts/C44_VMware_Carbon_Black/V0394.txt,0,,0,,4,Execution,Windows,1,3,0,0,0,0,0,0,0,0,0,0,0,0,0,0,0,0,22,4,4
V0388,C44,VMware Carbon Black,Ransomware prevention and recovery with VMware Cloud Disaster Recovery and Carbon Black,https://www.youtube.com/watch?v=ucD7kXIk39M,transcripts/C44_VMware_Carbon_Black/V0388.txt,0,,0,,4,Initial_Access,ESXi,3,0,1,0,0,0,0,0,0,0,0,0,0,0,0,0,0,0,0,0,7
V0372,C42,DFIR Science,Fast password cracking - Hashcat wordlists from RAM,https://www.youtube.com/watch?v=lOTDevvqOq0,transcripts/C42_DFIR_Science/V0372.txt,0,,0,,1,Impact,Linux,0,0,0,0,0,0,0,0,0,1,0,0,0,0,0,0,0,0,1,7,0
V0366,C42,DFIR Science,Digital Forensics and the Military - Interview with Andrew Lister,https://www.youtube.com/watch?v=ZGvyThzafJE,transcripts/C42_DFIR_Science/V0366.txt,2,"Play, Royal",0,,6,Initial_Access,Windows,4,0,1,0,0,0,0,0,0,1,0,0,0,0,0,0,0,0,1,0,0
V0365,C42,DFIR Science,Starting with Velociraptor Incident Response,https://www.youtube.com/watch?v=EA40rztSOd4,transcripts/C42_DFIR_Science/V0365.txt,1,Play,0,,8,Execution,Linux,0,3,2,0,0,0,0,0,0,3,0,0,0,0,0,0,0,0,10,42,0
V0367,C42,DFIR Science,Forensic 4:Cast Awards ✨ The real award is DFriends we made along the way ✨,https://www.youtube.com/watch?v=zvrIH6lGOZs,transcripts/C42_DFIR_Science/V0367.txt,0,,0,,6,Initial_Access,Windows,2,1,1,0,0,2,0,0,0,0,0,0,0,0,0,0,0,0,6,5,1
V0374,C42,DFIR Science,Mounting Linux Logical Volumes in Forensic Disk Images,https://www.youtube.com/watch?v=bRfq4OTHV5Q,transcripts/C42_DFIR_Science/V0374.txt,0,,0,,2,Impact,Linux,0,0,0,0,0,0,0,0,0,2,0,0,0,0,0,0,0,0,2,18,0
V0003,C01,The DFIR Report,Another Confluence Bites the Dust: Falling to ELPACO-team Ransomware,https://www.youtube.com/watch?v=7HD-RYqIm3Q,transcripts/C01_The_DFIR_Report/V0003.txt,0,,1,Cobalt_Strike,19,Initial_Access,Windows,10,0,1,1,1,3,0,1,2,0,1,0,0,0,0,0,0,0,1,0,0
V0005,C01,The DFIR Report,Confluence Exploit Leads to LockBit Ransomware,https://www.youtube.com/watch?v=BMTtJLEJRGQ,transcripts/C01_The_DFIR_Report/V0005.txt,0,,3,"Cobalt_Strike, Rclone",33,Initial_Access,Windows,10,8,0,0,0,6,0,1,5,3,1,0,0,2,0,0,0,0,5,0,0
V0002,C01,The DFIR Report,Hide Your RDP: Password Spray Leads to RansomHub Deployment,https://www.youtube.com/watch?v=5fu-wYbBvuY,transcripts/C01_The_DFIR_Report/V0002.txt,0,,0,,20,Initial_Access,Windows,9,0,1,0,0,7,1,0,0,2,0,0,0,0,0,0,0,0,1,0,0
V0007,C01,The DFIR Report,The Curious Case of an Egg-Cellent Resume,https://www.youtube.com/watch?v=CQ0zOWnHfHE,transcripts/C01_The_DFIR_Report/V0007.txt,0,,4,Cobalt_Strike,25,Initial_Access,,9,1,4,0,0,6,0,4,0,1,4,0,0,0,0,0,0,0,0,0,0
V0004,C01,The DFIR Report,Fake Zoom Ends in BlackSuit Ransomware,https://www.youtube.com/watch?v=hpgjomPwHp4,transcripts/C01_The_DFIR_Report/V0004.txt,0,,7,Cobalt_Strike,26,Command_and_Control,Windows,4,6,1,0,0,4,0,7,1,3,7,0,0,0,0,0,0,0,6,0,0
V0010,C01,The DFIR Report,"Threat Actors' Toolkit: Leveraging Sliver, PoshC2 & Batch Scripts",https://www.youtube.com/watch?v=wyg-YtiUFUo,transcripts/C01_The_DFIR_Report/V0010.txt,0,,1,Cobalt_Strike,4,Execution,Windows,0,2,0,0,0,0,0,1,0,1,1,0,0,0,0,0,0,0,3,1,0
V0006,C01,The DFIR Report,DFIR Discussions: The Curious Case of an Egg-Cellent Resume,https://www.youtube.com/watch?v=Fh_OcBYjzL8,transcripts/C01_The_DFIR_Report/V0006.txt,1,Play,1,Cobalt_Strike,23,Initial_Access,Windows,10,4,4,0,0,4,0,1,0,0,1,0,0,0,0,0,0,0,5,1,0
V0009,C01,The DFIR Report,BlackSuit Ransomware,https://www.youtube.com/watch?v=t2sxRDE0Pr4,transcripts/C01_The_DFIR_Report/V0009.txt,0,,17,Cobalt_Strike,33,Command_and_Control,Windows,4,3,2,0,0,4,0,17,0,3,17,0,0,0,0,0,0,0,2,0,0
V0008,C01,The DFIR Report,Nitrogen Campaign Drops Sliver and Ends With BlackCat Ransomware,https://www.youtube.com/watch?v=7AhSj5GGVRw,transcripts/C01_The_DFIR_Report/V0008.txt,0,,6,Cobalt_Strike,20,Command_and_Control,Windows,2,4,3,0,1,1,0,6,2,1,6,0,0,0,0,0,0,0,4,0,0
V0001,C01,The DFIR Report,Blurring the Lines: Intrusion Shows Connection With Three Major Ransomware Gangs,https://www.youtube.com/watch?v=OfwHWjZvvuE,transcripts/C01_The_DFIR_Report/V0001.txt,1,Play,0,,20,Lateral_Movement,Windows,6,3,2,0,0,7,0,0,2,0,0,0,0,0,0,0,0,0,6,0,0
V0270,C30,SANS Institute,Red Team | Subverting macOS Apps and Security Controls,https://www.youtube.com/watch?v=4SzHUg8j3NQ,transcripts/C30_SANS_Institute/V0270.txt,0,,0,,45,Initial_Access,Windows,24,1,15,5,0,0,0,0,0,0,0,0,0,0,0,0,0,0,2,1,0
V0267,C30,SANS Institute,Keynote | Red Team | Offensive Security Meets Vibe Coding,https://www.youtube.com/watch?v=nVx5tr-o_3g,transcripts/C30_SANS_Institute/V0267.txt,1,Play,0,,10,Initial_Access,,5,1,0,0,0,0,0,0,0,4,0,0,0,0,0,0,0,0,0,0,0
V0266,C30,SANS Institute,Red Team | Looting Credentials from Modern Browsers,https://www.youtube.com/watch?v=U1va10iproc,transcripts/C30_SANS_Institute/V0266.txt,1,Qilin,0,,93,Impact,Windows,3,5,35,5,0,0,0,0,0,45,0,0,0,0,0,0,0,0,18,1,0
V0264,C30,SANS Institute,Blue Team | Unveiling Insider Threats Beyond the Logs,https://www.youtube.com/watch?v=5OREEvYauo4,transcripts/C30_SANS_Institute/V0264.txt,1,Qilin,0,,4,Privilege_Escalation,,0,0,0,4,0,0,0,0,0,0,0,0,0,0,0,0,0,0,0,0,0
V0265,C30,SANS Institute,Red Team | MEDSHIELD: Threat Modeling for Medical IoT,https://www.youtube.com/watch?v=KWlyih5GqG0,transcripts/C30_SANS_Institute/V0265.txt,1,Play,0,,13,Initial_Access,,9,0,1,1,0,0,0,0,0,2,0,0,0,0,0,0,0,0,0,0,0
V0271,C30,SANS Institute,Red Team | Weaponizing LLM Fine-Tuning for Stealthy C2,https://www.youtube.com/watch?v=hGxf_Co7WfY,transcripts/C30_SANS_Institute/V0271.txt,0,,0,,15,Initial_Access,,5,1,2,0,0,0,0,1,5,1,0,0,0,0,0,0,0,0,0,0,0
V0263,C30,SANS Institute,Keynote | The Augmented Era: Disrupt or be Disrupted,https://www.youtube.com/watch?v=gFJA2ZFYRcM,transcripts/C30_SANS_Institute/V0263.txt,1,Play,0,,29,Initial_Access,Linux,20,4,5,0,0,0,0,0,0,0,0,0,0,0,0,0,0,0,0,2,0
V0269,C30,SANS Institute,Keynote | Blue Team | SOC of the Future…the Future Is Now,https://www.youtube.com/watch?v=eBweSZG_xsM,transcripts/C30_SANS_Institute/V0269.txt,0,,0,,5,Persistence,Windows,0,0,3,2,0,0,0,0,0,0,0,0,0,0,0,0,0,0,1,0,0
V0272,C30,SANS Institute,Blue Team | From Exploit to Risk: Scaling Purple Team Insights,https://www.youtube.com/watch?v=7W3MdxnvM-U,transcripts/C30_SANS_Institute/V0272.txt,0,,0,,13,Initial_Access,Windows,12,0,1,0,0,0,0,0,0,0,0,0,0,0,0,0,0,0,3,0,0
V0268,C30,SANS Institute,Red Team | Weaponizing Windows Crash Dumps,https://www.youtube.com/watch?v=6ZkfrEdErxk,transcripts/C30_SANS_Institute/V0268.txt,2,"Hive, Play",0,,11,Execution,Windows,2,5,1,0,0,0,0,0,0,3,0,0,0,0,0,0,0,0,4,0,0
V0434,C50,Darktrace,Using Darktrace / OT for Asset Discovery and Device Management,https://www.youtube.com/watch?v=jjxFIjwDZXY,transcripts/C50_Darktrace/V0434.txt,0,,0,,4,Initial_Access,Windows,4,0,0,0,0,0,0,0,0,0,0,0,0,0,0,0,0,0,1,0,0
V0438,C50,Darktrace,Preventative Security in Cyber Physical Systems,https://www.youtube.com/watch?v=NfxOTzKPK5w,transcripts/C50_Darktrace/V0438.txt,0,,0,,9,Initial_Access,Windows,8,0,0,0,0,0,0,0,1,0,0,0,0,0,0,0,0,0,2,0,1
V0246,C28,Black Hills Information Security,US Defense Chief Uploads Secret Into to ChatGTP - Talkin' Bout [infosec] News 2026-02-02,https://www.youtube.com/watch?v=VEVupZdij_g,transcripts/C28_Black_Hills_Information_Security/V0246.txt,1,Play,0,,3,Initial_Access,,3,0,0,0,0,0,0,0,0,0,0,0,0,0,0,0,0,0,0,0,0
V0250,C28,Black Hills Information Security,Chinese firms drop US and Israeli cybersecurity software | Talkin' Bout [infosec] News 2026-01-19,https://www.youtube.com/watch?v=wZo-1rxo9KE,transcripts/C28_Black_Hills_Information_Security/V0250.txt,0,,0,,24,Persistence,Windows,5,0,14,1,0,0,0,0,0,4,0,0,0,0,0,0,0,0,1,0,0
V0249,C28,Black Hills Information Security,Zero to Zeek: Build a Network Sensor Fast and Easy w/ Troy Wojewoda,https://www.youtube.com/watch?v=FdWr5N0JAGU,transcripts/C28_Black_Hills_Information_Security/V0249.txt,1,Play,0,,46,Execution,Linux,12,23,4,0,0,0,0,0,0,7,0,0,0,0,0,0,0,0,0,19,0
V0247,C28,Black Hills Information Security,Simplify Pentest Workflows Using Cerno w/ Chris Traynor,https://www.youtube.com/watch?v=aGmRenQ28Ro,transcripts/C28_Black_Hills_Information_Security/V0247.txt,1,Play,0,,30,Initial_Access,Windows,26,1,3,0,0,0,0,0,0,0,0,0,0,0,0,0,0,0,8,1,0
V0244,C28,Black Hills Information Security,Palo Alto Fears China Retaliation – Talkin' Bout [infosec] News 2026-02-16 #infosec #news,https://www.youtube.com/watch?v=xg_HI0ARf3E,transcripts/C28_Black_Hills_Information_Security/V0244.txt,1,Play,0,,12,Initial_Access,Windows,8,0,1,1,0,0,0,0,1,1,0,0,0,0,0,0,0,0,6,0,1
V0245,C28,Black Hills Information Security,LIVE From WWHF Denver 2026 – BHIS - Talkin' Bout [infosec] News 2026-02-11,https://www.youtube.com/watch?v=HnKSsy7HYME,transcripts/C28_Black_Hills_Information_Security/V0245.txt,1,Play,0,,9,Initial_Access,Windows,9,0,0,0,0,0,0,0,0,0,0,0,0,0,0,0,0,0,3,2,0
V0243,C28,Black Hills Information Security,The Coming SAAS Apocalypse - Talkin' Bout [infosec] News 2026-02-23 #infosec #news,https://www.youtube.com/watch?v=RjEvfmtmzKg,transcripts/C28_Black_Hills_Information_Security/V0243.txt,1,Play,0,,16,Initial_Access,Linux,12,0,4,0,0,0,0,0,0,0,0,0,0,0,0,0,0,0,0,3,0
V0251,C28,Black Hills Information Security,Active Directory Attack Path in Action w/ Alyssa & Kaitlyn,https://www.youtube.com/watch?v=nBHec3RDzwY,transcripts/C28_Black_Hills_Information_Security/V0251.txt,0,,3,BloodHound,77,Persistence,Windows,14,2,56,1,0,1,3,0,0,0,0,0,0,0,0,0,0,3,29,4,0
V0252,C28,Black Hills Information Security,BreachForums Doomsday – Talkin' Bout [infosec] News 2026-01-12 #infosec #news,https://www.youtube.com/watch?v=dx3_fnu3KO8,transcripts/C28_Black_Hills_Information_Security/V0252.txt,1,Play,0,,27,Initial_Access,ESXi,15,0,10,1,0,0,0,0,0,1,0,0,0,0,0,0,0,0,1,0,11
V0248,C28,Black Hills Information Security,TikTok's invasive Privacy Policy - Talkin' Bout [infosec] News 2026-01-26 #infosec #news,https://www.youtube.com/watch?v=6oK31ZZ70Q8,transcripts/C28_Black_Hills_Information_Security/V0248.txt,1,Play,0,,10,Initial_Access,ESXi,7,0,3,0,0,0,0,0,0,0,0,0,0,0,0,0,0,0,0,0,2
V0011,C02,SANS Digital Forensics and Incident Response,Stay Ahead of Ransomware - The AI Arms Race: When Both Sides Have Copilots,https://www.youtube.com/watch?v=1Cr9cUdsGnM,transcripts/C02_SANS_Digital_Forensics_and_Incident_Response/V0011.txt,1,LockBit,1,Cobalt_Strike,16,Execution,Windows,2,4,0,3,0,0,0,1,2,4,1,0,0,0,0,0,0,0,1,0,0
V0012,C02,SANS Digital Forensics and Incident Response,AI-Powered Ransomware: How Threat Actors Weaponize AI Across the Attack Lifecycle,https://www.youtube.com/watch?v=g2fxSyoohZo,transcripts/C02_SANS_Digital_Forensics_and_Incident_Response/V0012.txt,3,"Akira, Cactus, Play",0,,39,Initial_Access,Linux,17,2,5,0,0,2,0,0,7,6,0,0,0,0,0,0,0,0,1,2,0
V0019,C02,SANS Digital Forensics and Incident Response,PDF forensics and authenticity detection,https://www.youtube.com/watch?v=ELcsKcR_seo,transcripts/C02_SANS_Digital_Forensics_and_Incident_Response/V0019.txt,0,,0,,7,Execution,Windows,0,5,0,0,0,0,0,0,0,2,0,0,0,0,0,0,0,0,2,2,0
V0016,C02,SANS Digital Forensics and Incident Response,When the threat group doesn’t leave: Incident response under fire,https://www.youtube.com/watch?v=p3SEEdV425I,transcripts/C02_SANS_Digital_Forensics_and_Incident_Response/V0016.txt,0,,0,,6,Initial_Access,Windows,1,1,1,1,0,1,0,0,0,1,0,0,0,0,0,0,0,0,2,0,0
V0014,C02,SANS Digital Forensics and Incident Response,"Digital forensics and security: Automate audits, investigations and response with AWX and Ansible",https://www.youtube.com/watch?v=AG4HPlgotco,transcripts/C02_SANS_Digital_Forensics_and_Incident_Response/V0014.txt,0,,0,,17,Execution,Linux,2,11,3,0,0,0,0,0,0,1,0,0,0,0,0,0,0,0,4,5,2
V0020,C02,SANS Digital Forensics and Incident Response,MacOS telemetry vs EDR telemetry - Which is better?,https://www.youtube.com/watch?v=V6VnQ-h4K-o,transcripts/C02_SANS_Digital_Forensics_and_Incident_Response/V0020.txt,2,"Play, Qilin",0,,11,Execution,Windows,0,9,0,1,0,0,0,0,1,0,0,0,0,0,0,0,0,0,4,0,0
V0015,C02,SANS Digital Forensics and Incident Response,Tool: Forensic WACE - A multi-threaded tool for  forensic analysis of What’s App chats,https://www.youtube.com/watch?v=1ozfZ0CEZbo,transcripts/C02_SANS_Digital_Forensics_and_Incident_Response/V0015.txt,1,Play,0,,1,Persistence,,0,0,1,0,0,0,0,0,0,0,0,0,0,0,0,0,0,0,0,0,0
V0017,C02,SANS Digital Forensics and Incident Response,Mobile device hardening: A forensic comparison of advanced protection programmes in IOS and Android,https://www.youtube.com/watch?v=a-_di0nfOL8,transcripts/C02_SANS_Digital_Forensics_and_Incident_Response/V0017.txt,1,Play,0,,22,Impact,,7,0,0,0,0,0,0,0,2,13,0,0,0,0,0,0,0,0,0,0,0
V0013,C02,SANS Digital Forensics and Incident Response,Extracting the unseen: Real-world RAM acquisition and analysis from Android devices,https://www.youtube.com/watch?v=p0CpWxfQAjI,transcripts/C02_SANS_Digital_Forensics_and_Incident_Response/V0013.txt,0,,0,,2,Impact,Windows,0,0,0,0,0,0,0,0,0,2,0,0,0,0,0,0,0,0,1,0,0
V0018,C02,SANS Digital Forensics and Incident Response,Tool: Location log analysis of Google Maps IOS,https://www.youtube.com/watch?v=8GE-fIw7sb8,transcripts/C02_SANS_Digital_Forensics_and_Incident_Response/V0018.txt,0,,0,,2,Persistence,,0,0,1,0,0,0,0,0,0,1,0,0,0,0,0,0,0,0,0,0,0
V0130,C14,Elastic Security,"Elastic Security Explained: Transparency, AI, and the Future of Threat Hunting",https://www.youtube.com/watch?v=tw-NNqzgohk,transcripts/C14_Elastic_Security/V0130.txt,1,Play,0,,8,Execution,Windows,0,8,0,0,0,0,0,0,0,0,0,0,0,0,0,0,0,0,8,5,0
V0124,C14,Elastic Security,Pastries with SREs: Holding onto extra observability data and desserts,https://www.youtube.com/watch?v=gpsnVi2_mxM,transcripts/C14_Elastic_Security/V0124.txt,1,Play,0,,0,,,0,0,0,0,0,0,0,0,0,0,0,0,0,0,0,0,0,0,0,0,0
V0126,C14,Elastic Security,Embracing failure and chaos to improve system reliability and SRE team performance,https://www.youtube.com/watch?v=IUZMyoFXa4E,transcripts/C14_Elastic_Security/V0126.txt,1,Play,0,,2,Persistence,Linux,0,0,2,0,0,0,0,0,0,0,0,0,0,0,0,0,0,0,0,1,0
